Geo Point,Geo Shape,ID_GEOFLA,CODE_COM,extension,INSEE_COM,NOM_COM,STATUT,X_CHF_LIEU,Y_CHF_LIEU,X_CENTROID,Y_CENTROID,Z_MOYEN,SUPERFICIE,POPULATION,CODE_CANT,CODE_ARR,CODE_DEPT,NOM_DEPT,CODE_REG,NOM_REG,Nom_commune,Code_postal,Ligne_5,Libellé_d_acheminement,coordonnees_gps,
42.98719948659418, 9.382979054984137,,COMMUNE00000000000009192,107,2B107,ERSA,Commune simple,1220364,6229453,1220551,6230831,175,2038,152,8,2,2B,HAUTE-CORSE,94,CORSE,ERSA,20275,,ERSA,42.987200253, 9.383060181
41.74105905230615, 8.812665785123553,,COMMUNE00000000000003676,276,2A276,SERRA-DI-FERRO,Commune simple,1183207,6087587,1184868,6089868,148,3292,497,11,1,2A,CORSE-DU-SUD,94,CORSE,SERRA DI FERRO,20140,,SERRA DI FERRO,41.741296698, 8.812690377
42.40159963457152, 9.511629849501736,,COMMUNE00000000000005669,242,2B242,POGGIO-MEZZANA,Commune simple,1234622,6166471,1236431,6166847,110,893,626,10,3,2B,HAUTE-CORSE,94,CORSE,POGGIO MEZZANA,20230,,POGGIO MEZZANA,42.40146433, 9.512024925
41.786901265598104, 9.010776554022403,,COMMUNE00000000000005835,160,2A160,MOCA-CROCE,Commune simple,1200314,6097650,1201037,6094820,739,2768,232,11,4,2A,CORSE-DU-SUD,94,CORSE,MOCA CROCE,20140,,MOCA CROCE,41.787617666, 9.010018558
41.671724175528226, 8.98874346301626,,COMMUNE00000000000013269,18,2A018,ARBELLARA,Commune simple,1199519,6083485,1199910,6082388,212,1130,143,9,4,2A,CORSE-DU-SUD,94,CORSE,ARBELLARA,20110,,ARBELLARA,41.671484206, 8.989411005000001
42.047544067196135, 8.982234496565873,,COMMUNE00000000000017130,330,2A330,UCCIANI,Commune simple,1195501,6123655,1195757,6124907,713,2876,468,8,1,2A,CORSE-DU-SUD,94,CORSE,UCCIANI,20133,,UCCIANI,42.047197897, 8.982585246
42.96737384667508, 9.364912680024595,,COMMUNE00000000000017560,86,2B086,CENTURI,Commune simple,1218306,6228216,1219263,6227948,236,866,211,8,2,2B,HAUTE-CORSE,94,CORSE,CENTURI,20238,,CENTURI,42.967291436000004, 9.364513101
42.32137982398398, 9.516222053656074,,COMMUNE00000000000018404,87,2B087,CERVIONE,Commune simple,1235323,6158864,1237408,6157762,185,1149,1719,10,3,2B,HAUTE-CORSE,94,CORSE,CERVIONE,20221,PRUNETE,CERVIONE,42.320942878, 9.516363905
42.13551124826953, 9.367922216519103,,COMMUNE00000000000035229,75,2B075,CASEVECCHIE,Commune simple,1226197,6137058,1226994,6135776,301,910,64,13,3,2B,HAUTE-CORSE,94,CORSE,CASEVECCHIE,20270,,CASEVECCHIE,42.135680677, 9.367689873
42.26886828871009, 9.20602368450471,,COMMUNE00000000000027281,238,2B238,POGGIO-DI-VENACO,Commune simple,1210836,6148671,1212209,6150387,387,1337,192,11,3,2B,HAUTE-CORSE,94,CORSE,POGGIO DI VENACO,20250,,POGGIO DI VENACO,42.268695229, 9.205973945
41.887628286749504, 9.04545614503181,,COMMUNE00000000000030168,358,2A358,ZEVACO,Commune simple,1202670,6107226,1202267,6107350,759,1007,62,11,1,2A,CORSE-DU-SUD,94,CORSE,ZEVACO,20173,,ZEVACO,41.887254351, 9.045323738
42.41044829815318, 9.263228292412993,,COMMUNE00000000000030351,267,2B267,SALICETO,Commune simple,1218517,6165064,1215176,6166533,665,1250,61,14,3,2B,HAUTE-CORSE,94,CORSE,SALICETO,20218,,SALICETO,42.410520775, 9.263971715
42.390954349361834, 9.451651189549828,,COMMUNE00000000000022708,340,2B340,VELONE-ORNETO,Commune simple,1233762,6166437,1230750,6165106,655,1223,110,10,3,2B,HAUTE-CORSE,94,CORSE,VELONE ORNETO,20230,,VELONE ORNETO,42.39097936, 9.451708549
41.973078152121936, 9.138575631391483,,COMMUNE00000000000031250,89,2A089,CIAMANNACCE,Commune simple,1210288,6114463,1209365,6116355,1330,2516,137,11,1,2A,CORSE-DU-SUD,94,CORSE,CIAMANNACCE,20134,,CIAMANNACCE,41.973021385, 9.138412717
42.21480646153299, 9.323202928920592,,COMMUNE00000000000001287,218,2B218,PIEDICORTE-DI-GAGGIO,Commune simple,1222746,6147127,1222515,6145657,424,2739,103,13,3,2B,HAUTE-CORSE,94,CORSE,PIEDICORTE DI GAGGIO,20251,,PIEDICORTE DI GAGGIO,42.214947914, 9.323352874
42.60782751162184, 9.014175190616665,,COMMUNE00000000000029746,34,2B034,BELGODERE,Commune simple,1194175,6183939,1193062,6186999,173,1305,525,15,5,2B,HAUTE-CORSE,94,CORSE,BELGODERE,20226,,BELGODERE,42.608071388, 9.014172599
42.37323457836047, 9.465728194028017,,COMMUNE00000000000030155,302,2B302,SAN-GIOVANNI-DI-MORIANI,Commune simple,1233822,6163518,1232644,6163473,579,1020,91,10,3,2B,HAUTE-CORSE,94,CORSE,SAN GIOVANNI DI MORIANI,20230,,SAN GIOVANNI DI MORIANI,42.373178854, 9.465822164
42.47132392355279, 9.298023949315228,,COMMUNE00000000000030517,79,2B079,CASTELLO-DI-ROSTINO,Commune simple,1219601,6172330,1217272,6173665,452,1249,414,14,3,2B,HAUTE-CORSE,94,CORSE,CASTELLO DI ROSTINO,20235,,CASTELLO DI ROSTINO,42.471494035, 9.297984515
42.38389520341729, 9.510465452471223,,COMMUNE00000000000008175,307,2B307,SANTA-LUCIA-DI-MORIANI,Commune simple,1237949,6165084,1236780,6164931,72,616,1199,10,3,2B,HAUTE-CORSE,94,CORSE,SANTA LUCIA DI MORIANI,20230,,SANTA LUCIA DI MORIANI,42.384149913, 9.510666019
42.60108489028823, 8.932188663609804,,COMMUNE00000000000009292,316,2B316,SANTA-REPARATA-DI-BALAGNA,Commune simple,1186690,6185390,1187055,6185657,192,1016,1007,15,5,2B,HAUTE-CORSE,94,CORSE,SANTA REPARATA DI BALAGNA,20220,,SANTA REPARATA DI BALAGNA,42.601368217, 8.931733241
42.37522057188471, 9.265928289300751,,COMMUNE00000000000010023,106,2B106,ERONE,Commune simple,1216762,6161898,1216340,6162425,672,395,9,14,3,2B,HAUTE-CORSE,94,CORSE,ERONE,20244,,ERONE,42.375538829, 9.266421193
42.25284030336255, 9.263334498560187,,COMMUNE00000000000024806,105,2B105,ERBAJOLO,Commune simple,1218761,6149987,1217498,6148901,496,1564,104,14,3,2B,HAUTE-CORSE,94,CORSE,ERBAJOLO,20212,,ERBAJOLO,42.253058568, 9.263518462
42.2650154303399, 9.502166340958095,,COMMUNE00000000000026892,57,2B057,CANALE-DI-VERDE,Commune simple,1234446,6152681,1237344,6151608,201,1466,355,10,3,2B,HAUTE-CORSE,94,CORSE,CANALE DI VERDE,20230,,CANALE DI VERDE,42.265062732, 9.501696229
42.422729028302456, 9.404326034831396,,COMMUNE00000000000016419,273,2B273,SCATA,Commune simple,1227132,6167655,1227262,6168494,350,280,49,9,3,2B,HAUTE-CORSE,94,CORSE,SCATA,20213,,SCATA,42.422242874, 9.404226001
41.88508070559741, 8.979333814999185,,COMMUNE00000000000032918,312,2A312,SANTA-MARIA-SICHE,Commune simple,1196902,6104972,1196583,6106237,687,1072,470,11,1,2A,CORSE-DU-SUD,94,CORSE,SANTA MARIA SICHE,20190,,SANTA MARIA SICHE,41.884499455, 8.979258665
41.55556583035362, 9.181687543844951,,COMMUNE00000000000033064,288,2A288,SOTTA,Commune simple,1217770,6069648,1216284,6071529,276,6695,1104,7,4,2A,CORSE-DU-SUD,94,CORSE,SOTTA,20146,,SOTTA,41.555644785, 9.181631152
42.3682627805088, 9.509354402931574,,COMMUNE00000000000003248,313,2B313,SAN-NICOLAO,Chef-lieu de canton,1237661,6163888,1236284,6163173,111,772,1792,10,3,2B,HAUTE-CORSE,94,CORSE,SAN NICOLAO,20230,MORIANI,SAN NICOLAO,42.368554556, 9.509268001
42.28723925506334, 9.247494844383409,,COMMUNE00000000000007488,110,2B110,FAVALELLO,Commune simple,1217547,6153260,1215120,6151927,416,557,61,14,3,2B,HAUTE-CORSE,94,CORSE,FAVALELLO,20212,,FAVALELLO DE BOZIO,42.287456671, 9.248604359
42.04378785635483, 9.422549547303857,,COMMUNE00000000000019172,123,2B123,GHISONACCIA,Chef-lieu de canton,1231019,6123322,1232863,6127126,35,7630,3892,13,3,2B,HAUTE-CORSE,94,CORSE,GHISONACCIA,20240,ST ANTOINE,GHISONACCIA,42.043742147, 9.422912189
42.447162362404896, 9.255675453781626,,COMMUNE00000000000020434,169,2B169,MOROSAGLIA,Chef-lieu de canton,1218636,6169062,1218065,6169235,579,2454,1134,14,3,2B,HAUTE-CORSE,94,CORSE,MOROSAGLIA,20218,PONTE LECCIA,MOROSAGLIA,42.447442972, 9.254839416
42.09638620402015, 8.804293397699665,,COMMUNE00000000000021728,22,2A022,ARRO,Commune simple,1181490,6127984,1180138,6128737,305,884,84,10,1,2A,CORSE-DU-SUD,94,CORSE,ARRO,20151,,ARRO,42.096711741, 8.80432428
42.47833447394132, 8.804052799066255,,COMMUNE00000000000022504,49,2B049,CALENZANA,Commune simple,1181493,6174334,1178849,6168815,553,18466,2308,7,5,2B,HAUTE-CORSE,94,CORSE,CALENZANA,20214,SUARE,CALENZANA,42.478233157, 8.804174473
41.9632376138156, 8.670237752970834,,COMMUNE00000000000002912,351,2A351,VILLANOVA,Commune simple,1170474,6112326,1170548,6113104,244,1146,348,5,1,2A,CORSE-DU-SUD,94,CORSE,VILLANOVA,20167,,VILLANOVA,41.963229308, 8.670021495
42.09861509399519, 9.411867717112262,,COMMUNE00000000000003050,2,2B002,AGHIONE,Commune simple,1231242,6133503,1231320,6132375,79,3388,230,13,3,2B,HAUTE-CORSE,94,CORSE,AGHIONE,20270,,AGHIONE,42.09858371, 9.41182181
42.3931560307622, 9.371766407078603,,COMMUNE00000000000023104,344,2B344,VERDESE,Commune simple,1224336,6164662,1224979,6165016,474,99,38,10,3,2B,HAUTE-CORSE,94,CORSE,VERDESE,20229,,VERDESE,42.393390948, 9.372080859
41.72126395988918, 9.266603914353373,,COMMUNE00000000000024694,362,2A362,ZONZA,Commune simple,1213954,6092133,1219210,6092213,544,13487,2482,6,4,2A,CORSE-DU-SUD,94,CORSE,ZONZA,20124,,ZONZA,41.721325902, 9.266900148
42.12799610826751, 8.796027918309814,,COMMUNE00000000000025172,19,2A019,ARBORI,Commune simple,1179683,6133335,1179752,6131611,329,2012,59,10,1,2A,CORSE-DU-SUD,94,CORSE,ARBORI,20160,,ARBORI,42.128066991, 8.795671346
41.792087976936024, 8.898232746631038,,COMMUNE00000000000025425,232,2A232,PILA-CANALE,Commune simple,1191739,6097517,1191445,6095502,200,1895,286,11,1,2A,CORSE-DU-SUD,94,CORSE,PILA CANALE,20123,,PILA CANALE,41.792130713, 8.898406314
41.828173146589315, 8.813107496412906,,COMMUNE00000000000001085,228,2A228,PIETROSELLA,Commune simple,1186253,6099770,1184266,6098747,232,3577,1258,11,1,2A,CORSE-DU-SUD,94,CORSE,PIETROSELLA,20166,,PIETROSELLA,41.828384242, 8.813573448
42.5198655706349, 9.359854909407838,,COMMUNE00000000000018989,355,2B355,VOLPAJOLA,Commune simple,1222250,6179510,1223221,6178497,367,1297,453,14,3,2B,HAUTE-CORSE,94,CORSE,VOLPAJOLA,20290,,VOLPAJOLA,42.519867456, 9.360362944
42.5104209898884, 9.405166781406907,,COMMUNE00000000000021293,250,2B250,PRUNELLI-DI-CASACCONI,Commune simple,1226361,6177376,1226912,6178215,153,602,156,14,3,2B,HAUTE-CORSE,94,CORSE,PRUNELLI DI CASACCONI,20290,,PRUNELLI DI CASACCONI,42.509944635, 9.405483212
41.94096974880189, 9.362648355779985,,COMMUNE00000000000021439,342,2B342,VENTISERI,Commune simple,1230150,6112210,1227308,6115007,222,4704,2357,12,3,2B,HAUTE-CORSE,94,CORSE,VENTISERI,20240,MIGNATAJA,VENTISERI,41.941136433, 9.362670094
42.44931054666064, 9.442111742129276,,COMMUNE00000000000002395,245,2B245,PORRI,Commune simple,1229448,6171903,1230142,6171627,329,454,57,9,3,2B,HAUTE-CORSE,94,CORSE,PORRI,20215,,PORRI,42.449261473, 9.441966528
42.162541301818536, 8.898201274649427,,COMMUNE00000000000032205,240,2A240,POGGIOLO,Commune simple,1188722,6137918,1187640,6136482,796,1217,100,10,1,2A,CORSE-DU-SUD,94,CORSE,POGGIOLO,20125,,POGGIOLO,42.162669782, 8.898744992
42.686285646746704, 9.42519518776147,,COMMUNE00000000000010005,33,2B033,BASTIA,Préfecture de département,1228512,6199407,1226429,6198198,272,1977,43479,99,2,2B,HAUTE-CORSE,94,CORSE,BASTIA,20600,,BASTIA,42.686420533, 9.425134055000001
42.62038428492312, 9.148587246762668,,COMMUNE00000000000011901,332,2B332,URTACA,Commune simple,1206220,6185858,1203761,6189618,424,3123,187,15,5,2B,HAUTE-CORSE,94,CORSE,URTACA,20218,,URTACA,42.620839816, 9.147910762
42.06935162310251, 8.760002386851175,,COMMUNE00000000000013814,70,2A070,CASAGLIONE,Commune simple,1179557,6125079,1177097,6125299,157,1493,370,10,1,2A,CORSE-DU-SUD,94,CORSE,CASAGLIONE,20111,,CASAGLIONE,42.069543326, 8.760405186
42.12375832073878, 8.95223054545676,,COMMUNE00000000000015497,259,2A259,REZZA,Commune simple,1191887,6132392,1193150,6131432,677,1366,54,10,1,2A,CORSE-DU-SUD,94,CORSE,REZZA,20121,,REZZA,42.123684074, 8.952481117
42.38132273330482, 9.404522010520877,,COMMUNE00000000000016889,164,2B164,MONACIA-D'OREZZA,Commune simple,1227193,6163809,1227795,6163919,628,466,32,10,3,2B,HAUTE-CORSE,94,CORSE,MONACIA D OREZZA,20229,,MONACIA D OREZZA,42.381282416, 9.404972062
42.0284281879785, 8.738039925433114,,COMMUNE00000000000005378,48,2A048,CALCATOGGIO,Commune simple,1178162,6120551,1177834,6120760,240,2328,532,10,1,2A,CORSE-DU-SUD,94,CORSE,CALCATOGGIO,20111,,CALCATOGGIO,42.028464254, 8.738320811
41.94695916914573, 9.121331726510682,,COMMUNE00000000000005857,268,2A268,SAMPOLO,Commune simple,1208383,6113227,1208332,6114208,958,714,58,11,1,2A,CORSE-DU-SUD,94,CORSE,SAMPOLO,20134,,SAMPOLO,41.946486583, 9.120742619
42.617345268638466, 8.901471807034659,,COMMUNE00000000000027600,93,2B093,CORBARA,Commune simple,1184819,6186447,1184040,6186234,107,1024,981,15,5,2B,HAUTE-CORSE,94,CORSE,CORBARA,20256,,CORBARA,42.617459562, 8.901365493
41.67577977531879, 9.160121072120065,,COMMUNE00000000000028869,61,2A061,CARBINI,Commune simple,1212570,6084142,1213644,6084436,702,1663,108,7,4,2A,CORSE-DU-SUD,94,CORSE,CARBINI,20170,,CARBINI,41.6758019, 9.159962103
42.585836245763666, 9.278158957563187,,COMMUNE00000000000031479,230,2B230,PIEVE,Commune simple,1216342,6185035,1216567,6184981,504,1972,115,5,5,2B,HAUTE-CORSE,94,CORSE,PIEVE,20246,,PIEVE,42.602563476, 9.295995774
42.418845849775764, 9.169342295160352,,COMMUNE00000000000031696,248,2B248,PRATO-DI-GIOVELLINA,Commune simple,1207529,6166893,1207902,6166599,509,1234,44,14,3,2B,HAUTE-CORSE,94,CORSE,PRATO DI GIOVELLINA,20218,,PRATO DI GIOVELLINA,42.419022064, 9.169230292
41.83414710923026, 8.983307310913123,,COMMUNE00000000000032871,360,2A360,ZIGLIARA,Commune simple,1198450,6101780,1198014,6100903,328,1299,139,11,1,2A,CORSE-DU-SUD,94,CORSE,ZIGLIARA,20190,,ZIGLIARA,41.834494139, 8.983551172
42.43444264414271, 8.996789421628813,,COMMUNE00000000000033243,23,2B023,ASCO,Commune simple,1196495,6169389,1193770,6168445,1373,12404,118,14,3,2B,HAUTE-CORSE,94,CORSE,ASCO,20276,,ASCO,42.434499645, 8.997095065
41.950425906692075, 8.909738088845666,,COMMUNE00000000000034469,181,2A181,OCANA,Commune simple,1192566,6113951,1190239,6111929,467,2608,548,8,1,2A,CORSE-DU-SUD,94,CORSE,OCANA,20117,,OCANA,41.95029011, 8.909484856
42.152379302744706, 9.120530676527071,,COMMUNE00000000000036424,354,2B354,VIVARIO,Commune simple,1210250,6139136,1206453,6136355,1229,7859,498,11,3,2B,HAUTE-CORSE,94,CORSE,VIVARIO,20219,TATTONE,VIVARIO,42.152494442, 9.120723761
42.10607533297481, 9.495996742661065,,COMMUNE00000000000026377,9,2B009,ALERIA,Commune simple,1239060,6134891,1237648,6133812,18,6357,2191,13,3,2B,HAUTE-CORSE,94,CORSE,ALERIA,20270,VACAJA,ALERIA,42.106115829, 9.49592506
42.65222455953895, 9.416661514209267,,COMMUNE00000000000026670,120,2B120,FURIANI,Commune simple,1227564,6194495,1226251,6194278,191,1899,5591,4,2,2B,HAUTE-CORSE,94,CORSE,FURIANI,20600,,FURIANI,42.652187613, 9.416685967
41.70033802598536, 9.031690987205836,,COMMUNE00000000000012915,146,2A146,LORETO-DI-TALLANO,Commune simple,1203098,6088010,1203184,6085707,292,698,50,9,4,2A,CORSE-DU-SUD,94,CORSE,LORETO DI TALLANO,20165,,LORETO DI TALLANO,41.69992436, 9.03147424
42.538609196460975, 9.365071372032068,,COMMUNE00000000000014177,274,2B274,SCOLCA,Commune simple,1223058,6179810,1222674,6181333,800,689,106,14,3,2B,HAUTE-CORSE,94,CORSE,SCOLCA,20290,,SCOLCA,42.538730176, 9.364871046
42.68386835106722, 9.368867983441602,,COMMUNE00000000000020656,29,2B029,BARBAGGIO,Commune simple,1222727,6197803,1221827,6197222,320,1099,243,5,5,2B,HAUTE-CORSE,94,CORSE,BARBAGGIO,20253,,BARBAGGIO,42.684031526, 9.368384015
42.515469951040934, 9.473598995516763,,COMMUNE00000000000020879,346,2B346,VESCOVATO,Commune simple,1229584,6176521,1231944,6179115,44,1766,2557,9,3,2B,HAUTE-CORSE,94,CORSE,VESCOVATO,20215,,VESCOVATO,42.515771377, 9.473989387
42.54294790459257, 9.18367170372826,,COMMUNE00000000000021405,223,2B223,PIETRALBA,Commune simple,1208270,6180668,1207617,6180880,642,3906,430,14,5,2B,HAUTE-CORSE,94,CORSE,PIETRALBA,20218,,PIETRALBA,42.542992942, 9.183540313
42.47833447394132, 8.804052799066255,,COMMUNE00000000000022504,49,2B049,CALENZANA,Commune simple,1181493,6174334,1178849,6168815,553,18466,2308,7,5,2B,HAUTE-CORSE,94,CORSE,CALENZANA,20260,ARGENTELLA,CALENZANA,42.478233157, 8.804174473
41.65039050193345, 8.893963557687742,,COMMUNE00000000000001105,249,2A249,PROPRIANO,Chef-lieu de canton,1192434,6082187,1192100,6079869,121,1906,3622,9,4,2A,CORSE-DU-SUD,94,CORSE,PROPRIANO,20110,,PROPRIANO,41.650485211, 8.893787602
42.77950795825781, 9.450809058424458,,COMMUNE00000000000001659,43,2B043,BRANDO,Commune simple,1229939,6207918,1227700,6208445,439,2228,1654,8,2,2B,HAUTE-CORSE,94,CORSE,BRANDO,20222,LAVASINA,BRANDO,42.779657479, 9.450579341
41.75030621607809, 9.115741240328337,,COMMUNE00000000000003619,285,2A285,SORBOLLANO,Commune simple,1208853,6092022,1209569,6092378,723,785,64,9,4,2A,CORSE-DU-SUD,94,CORSE,SORBOLLANO,20152,,SORBOLLANO,41.750045408, 9.115741672
42.5997275030469, 9.336851794904767,,COMMUNE00000000000005586,333,2B333,VALLECALLE,Commune simple,1220331,6187435,1220112,6187787,267,696,118,5,5,2B,HAUTE-CORSE,94,CORSE,VALLECALLE,20232,,VALLECALLE,42.59968682, 9.337178683
41.51609064043389, 9.120179221684598,,COMMUNE00000000000006408,114,2A114,FIGARI,Commune simple,1212792,6062855,1211452,6067085,189,10052,1392,7,4,2A,CORSE-DU-SUD,94,CORSE,FIGARI,20114,,FIGARI,41.516178304, 9.120206954
42.919949457066714, 9.436595121405883,,COMMUNE00000000000032867,159,2B159,MERIA,Commune simple,1226712,6224591,1224986,6223817,205,2070,99,8,2,2B,HAUTE-CORSE,94,CORSE,MERIA,20287,,MERIA,42.919921907, 9.436625076
42.38240848058837, 9.1936148526143,,COMMUNE00000000000033299,193,2B193,OMESSA,Commune simple,1210924,6161190,1210431,6161625,521,2452,536,14,3,2B,HAUTE-CORSE,94,CORSE,OMESSA,20236,FRANCARDO,OMESSA,42.382592655, 9.193716559
42.31080186817694, 9.434290992837981,,COMMUNE00000000000028645,194,2B194,ORTALE,Commune simple,1229823,6156699,1231419,6156172,405,421,26,10,3,2B,HAUTE-CORSE,94,CORSE,ORTALE,20234,,ORTALE,42.310583643, 9.43481212
42.075974461967284, 9.323511729456836,,COMMUNE00000000000030621,149,2B149,LUGO-DI-NAZZA,Commune simple,1221905,6129036,1224282,6129244,341,2543,115,12,3,2B,HAUTE-CORSE,94,CORSE,LUGO DI NAZZA,20240,,LUGO DI NAZZA,42.075917936, 9.32399106
42.455233735483354, 9.496474480894435,,COMMUNE00000000000031136,207,2B207,PENTA-DI-CASINCA,Chef-lieu de canton,1231459,6173725,1234662,6172134,118,1858,3247,9,3,2B,HAUTE-CORSE,94,CORSE,PENTA DI CASINCA,20213,,PENTA DI CASINCA,42.454846225, 9.497197393
42.24341773489419, 8.854969972530364,,COMMUNE00000000000000088,100,2A100,CRISTINACCE,Commune simple,1182473,6144411,1184010,6145656,1099,2065,57,10,1,2A,CORSE-DU-SUD,94,CORSE,CRISTINACCE,20126,,CRISTINACCE,42.243558113, 8.855476205
42.02345877445198, 8.82007994118069,,COMMUNE00000000000000775,336,2A336,VALLE-DI-MEZZANA,Commune simple,1182958,6120602,1182300,6119941,452,708,345,8,1,2A,CORSE-DU-SUD,94,CORSE,VALLE DI MEZZANA,20167,,VALLE DI MEZZANA,42.023677226, 8.820219186
42.64186530372326, 9.333364350268745,,COMMUNE00000000000026807,185,2B185,OLETTA,Commune simple,1221424,6191301,1219378,6191609,192,2661,1533,5,5,2B,HAUTE-CORSE,94,CORSE,OLETTA,20232,,OLETTA,42.641773997, 9.333297468
42.20799407758487, 8.719207286996927,,COMMUNE00000000000014704,154,2A154,MARIGNANA,Commune simple,1179269,6143502,1170261,6139901,701,5546,102,10,1,2A,CORSE-DU-SUD,94,CORSE,MARIGNANA,20141,,MARIGNANA,42.208985566, 8.690764867
42.3356749068073, 9.514155991536594,,COMMUNE00000000000015095,335,2B335,VALLE-DI-CAMPOLORO,Commune simple,1235492,6159332,1236786,6159525,159,564,345,10,3,2B,HAUTE-CORSE,94,CORSE,VALLE DI CAMPOLORO,20221,,VALLE DI CAMPOLORO,42.335491036, 9.515381513
41.666117064854895, 9.318881235098253,,COMMUNE00000000000015724,139,2A139,LECCI,Commune simple,1226792,6085302,1227508,6083526,111,2735,1419,6,4,2A,CORSE-DU-SUD,94,CORSE,LECCI,20137,,LECCI,41.665982123, 9.318734052
41.883176922152195, 8.875953305889771,,COMMUNE00000000000016841,130,2A130,GROSSETO-PRUGNA,Chef-lieu de canton,1195723,6104345,1187400,6105559,367,3203,2690,11,1,2A,CORSE-DU-SUD,94,CORSE,GROSSETO PRUGNA,20128,,GROSSETO PRUGNA,41.881679666, 8.8180744
41.883176922152195, 8.875953305889771,,COMMUNE00000000000016841,130,2A130,GROSSETO-PRUGNA,Chef-lieu de canton,1195723,6104345,1187400,6105559,367,3203,2690,11,1,2A,CORSE-DU-SUD,94,CORSE,GROSSETO PRUGNA,20166,PORTICCIO,GROSSETO PRUGNA,41.881679666, 8.8180744
41.8155220883028, 9.032572347119215,,COMMUNE00000000000017343,21,2A021,ARGIUSTA-MORICCIO,Commune simple,1201164,6098460,1201556,6098726,713,1031,79,11,4,2A,CORSE-DU-SUD,94,CORSE,ARGIUSTA MORICCIO,20140,,ARGIUSTA MORICCIO,41.815418536, 9.032650196
41.94993906070095, 9.093465264419272,,COMMUNE00000000000017725,322,2A322,TASSO,Commune simple,1206770,6113380,1205646,6114114,1162,1689,89,11,1,2A,CORSE-DU-SUD,94,CORSE,TASSO,20134,,TASSO,41.950459429, 9.09336522
42.04732043143414, 8.819084454126655,,COMMUNE00000000000018156,60,2A060,CANNELLE,Commune simple,1182388,6123228,1182448,6123040,359,345,50,10,1,2A,CORSE-DU-SUD,94,CORSE,CANNELLE,20151,,CANNELLE,42.047811428, 8.816968797
42.40763780224202, 9.35789818403024,,COMMUNE00000000000019378,101,2B101,CROCE,Commune simple,1223875,6167096,1223575,6166527,723,647,77,9,3,2B,HAUTE-CORSE,94,CORSE,CROCE,20237,,CROCE,42.407784001, 9.357450274
42.47833447394132, 8.804052799066255,,COMMUNE00000000000022504,49,2B049,CALENZANA,Commune simple,1181493,6174334,1178849,6168815,553,18466,2308,7,5,2B,HAUTE-CORSE,94,CORSE,CALENZANA,20214,,CALENZANA,42.478233157, 8.804174473
42.543775943944226, 8.855699396860786,,COMMUNE00000000000022570,167,2B167,MONTEGROSSO,Commune simple,1182799,6177487,1181212,6178638,266,2282,453,7,5,2B,HAUTE-CORSE,94,CORSE,MONTEGROSSO,20214,MONTEMAGGIORE,MONTEGROSSO,42.543663575, 8.855619205
41.80265806832217, 8.865808345914047,,COMMUNE00000000000002962,91,2A091,COGNOCOLI-MONTICCHI,Commune simple,1191290,6099214,1188331,6097202,395,3590,173,11,1,2A,CORSE-DU-SUD,94,CORSE,COGNOCOLI MONTICCHI,20123,,COGNOCOLI MONTICCHI,41.802400595, 8.865927867
42.342940283013235, 8.623411795402383,,COMMUNE00000000000003107,197,2A197,OSANI,Commune simple,1164632,6152513,1161460,6156951,248,5221,104,10,1,2A,CORSE-DU-SUD,94,CORSE,OSANI,20147,,OSANI,42.343208566, 8.623265678
41.903956799270176, 8.893820044522007,,COMMUNE00000000000008134,85,2A085,CAURO,Commune simple,1191223,6109084,1190551,6107793,365,2781,1311,11,1,2A,CORSE-DU-SUD,94,CORSE,CAURO,20117,,CAURO,41.903933079, 8.893570079
42.47327864378893, 9.352316406420725,,COMMUNE00000000000008936,102,2B102,CROCICCHIA,Commune simple,1222621,6173071,1222660,6173880,569,426,45,14,3,2B,HAUTE-CORSE,94,CORSE,CROCICCHIA,20290,,CROCICCHIA,42.473573975, 9.352551876
42.5012666003781, 9.493310498865593,,COMMUNE00000000000011812,343,2B343,VENZOLASCA,Commune simple,1231057,6175521,1234557,6177987,38,1656,1657,9,3,2B,HAUTE-CORSE,94,CORSE,VENZOLASCA,20215,,VENZOLASCA,42.501557841, 9.493173944
42.349776847907265, 9.146936459841392,,COMMUNE00000000000008320,289,2B289,SOVERIA,Commune simple,1208132,6159787,1206929,6158578,871,1217,120,14,3,2B,HAUTE-CORSE,94,CORSE,SOVERIA,20250,,SOVERIA,42.349616968, 9.146357138
42.2028825868503, 9.2091705311616,,COMMUNE00000000000025609,177,2B177,NOCETA,Commune simple,1213246,6142120,1212575,6142655,524,1870,54,12,3,2B,HAUTE-CORSE,94,CORSE,NOCETA,20242,,NOCETA,42.202866893, 9.209151
41.69816007601837, 8.988077616326775,,COMMUNE00000000000030137,118,2A118,FOZZANO,Commune simple,1200267,6085292,1199338,6084630,331,1952,197,9,4,2A,CORSE-DU-SUD,94,CORSE,FOZZANO,20143,,FOZZANO,41.698563612, 8.987659621
42.94392949889614, 9.445267199248502,,COMMUNE00000000000031539,327,2B327,TOMINO,Commune simple,1225723,6226634,1226030,6226184,149,588,202,8,2,2B,HAUTE-CORSE,94,CORSE,TOMINO,20248,,TOMINO,42.943861568, 9.44531518
41.68077710250745, 9.233454614137308,,COMMUNE00000000000017549,300,2A300,SAN-GAVINO-DI-CARBINI,Commune simple,1212296,6088891,1222068,6084023,389,4802,1061,6,4,2A,CORSE-DU-SUD,94,CORSE,SAN GAVINO DI CARBINI,20137,,SAN GAVINO DI CARBINI,41.6808746, 9.233197674
42.3803966283897, 9.375959367851289,,COMMUNE00000000000017812,291,2B291,STAZZONA,Commune simple,1225085,6162452,1225306,6163620,434,136,41,10,3,2B,HAUTE-CORSE,94,CORSE,STAZZONA,20229,,STAZZONA,42.380164629, 9.375561105
41.983950197612224, 8.79834460109393,,COMMUNE00000000000020247,1,2A001,AFA,Chef-lieu de canton,1180874,6115786,1181402,6115868,157,1198,2888,8,1,2A,CORSE-DU-SUD,94,CORSE,AFA,20167,,AFA,41.984099158, 8.798384636
42.545803810916325, 8.917406160242507,,COMMUNE00000000000027672,173,2B173,MURO,Commune simple,1186015,6178862,1185791,6179280,476,800,235,15,5,2B,HAUTE-CORSE,94,CORSE,MURO,20225,,MURO,42.546200932, 8.91727282
42.806033922066845, 9.386903241517654,,COMMUNE00000000000028435,184,2B184,OLCANI,Commune simple,1221045,6211089,1222025,6211198,720,1438,84,8,2,2B,HAUTE-CORSE,94,CORSE,OLCANI,20217,,OLCANI,42.806047774, 9.386810335
42.42184868282035, 9.377899911339599,,COMMUNE00000000000028686,113,2B113,FICAJA,Commune simple,1224266,6168052,1224947,6168150,476,512,52,9,3,2B,HAUTE-CORSE,94,CORSE,FICAJA,20237,,FICAJA,42.421419454, 9.377909174
41.94096974880189, 9.362648355779985,,COMMUNE00000000000021439,342,2B342,VENTISERI,Commune simple,1230150,6112210,1227308,6115007,222,4704,2357,12,3,2B,HAUTE-CORSE,94,CORSE,VENTISERI,20240,TRAVO,VENTISERI,41.941136433, 9.362670094
42.71597467016305, 9.427166443788053,,COMMUNE00000000000033262,353,2B353,VILLE-DI-PIETRABUGNO,Commune simple,1226873,6200785,1226930,6201068,389,758,3559,1,2,2B,HAUTE-CORSE,94,CORSE,VILLE DI PIETRABUGNO,20200,,VILLE DI PIETRABUGNO,42.715990142, 9.427402606
42.57313488592396, 8.861458116708015,,COMMUNE00000000000035317,138,2B138,LAVATOGGIO,Commune simple,1182791,6181781,1181569,6181997,404,684,142,7,5,2B,HAUTE-CORSE,94,CORSE,LAVATOGGIO,20225,,LAVATOGGIO,42.573525634, 8.86117754
42.312225368115904, 9.313839207511217,,COMMUNE00000000000035927,13,2B013,ALZI,Commune simple,1219954,6154442,1221305,6155860,993,272,18,14,3,2B,HAUTE-CORSE,94,CORSE,ALZI,20212,,ALZI,42.31255873, 9.314211407
42.55896482858979, 8.893716321318221,,COMMUNE00000000000036288,25,2B025,AVAPESSA,Commune simple,1184282,6180481,1184305,6180423,446,326,85,7,5,2B,HAUTE-CORSE,94,CORSE,AVAPESSA,20225,,AVAPESSA,42.559045538, 8.893822971
42.32941296442479, 9.376175047098858,,COMMUNE00000000000033263,227,2B227,PIETRICAGGIO,Commune simple,1226877,6158567,1225927,6157901,915,532,36,10,3,2B,HAUTE-CORSE,94,CORSE,PIETRICAGGIO,20234,,PIETRICAGGIO,42.329371523, 9.376444081
42.46005574120565, 9.264813387865873,,COMMUNE00000000000030658,337,2B337,VALLE-DI-ROSTINO,Commune simple,1216806,6171583,1214878,6171818,460,1559,114,14,3,2B,HAUTE-CORSE,94,CORSE,VALLE DI ROSTINO,20235,,VALLE DI ROSTINO,42.460117779, 9.264946452
41.87966738902864, 9.320545051128338,,COMMUNE00000000000023752,283,2B283,SOLARO,Commune simple,1225526,6110306,1228081,6108339,434,9437,682,12,3,2B,HAUTE-CORSE,94,CORSE,SOLARO,20240,,SOLARO,41.879729465, 9.320741438
42.65687767803266, 9.359426145053257,,COMMUNE00000000000024400,239,2B239,POGGIO-D'OLETTA,Commune simple,1221943,6192119,1221287,6194177,308,1607,204,5,5,2B,HAUTE-CORSE,94,CORSE,POGGIO D OLETTA,20232,,POGGIO D OLETTA,42.656892578, 9.359153809
42.30787728930677, 9.286529268091934,,COMMUNE00000000000019517,5,2B005,ALANDO,Commune simple,1218983,6154723,1218838,6155012,653,310,29,14,3,2B,HAUTE-CORSE,94,CORSE,ALANDO,20212,,ALANDO,42.307923468, 9.286438857
42.34786108420013, 9.303828625424947,,COMMUNE00000000000020210,68,2B068,CARTICASI,Commune simple,1218532,6160314,1219627,6159719,1048,1312,35,14,3,2B,HAUTE-CORSE,94,CORSE,CARTICASI,20244,,CARTICASI,42.347884499, 9.304041972
41.94096974880189, 9.362648355779985,,COMMUNE00000000000021439,342,2B342,VENTISERI,Commune simple,1230150,6112210,1227308,6115007,222,4704,2357,12,3,2B,HAUTE-CORSE,94,CORSE,VENTISERI,20240,,VENTISERI,41.941136433, 9.362670094
42.46291092037386, 9.372294119354317,,COMMUNE00000000000021553,206,2B206,PENTA-ACQUATELLA,Commune simple,1224470,6172441,1224316,6172321,513,306,36,14,3,2B,HAUTE-CORSE,94,CORSE,PENTA ACQUATELLA,20290,,PENTA ACQUATELLA,42.463219499, 9.372503735
42.24795172552607, 9.202888444142834,,COMMUNE00000000000032164,260,2B260,RIVENTOSA,Commune simple,1210520,6147898,1212540,6147777,400,589,157,11,3,2B,HAUTE-CORSE,94,CORSE,RIVENTOSA,20250,,RIVENTOSA,42.247726488, 9.203165174
42.44642127883574, 9.181715973026641,,COMMUNE00000000000012508,220,2B220,PIEDIGRIGGIO,Commune simple,1208029,6169638,1208279,6169701,354,1052,145,14,3,2B,HAUTE-CORSE,94,CORSE,PIEDIGRIGGIO,20218,,PIEDIGRIGGIO,42.446285826, 9.18174561
41.640207268802584, 9.01202047088452,,COMMUNE00000000000007356,128,2A128,GRANACE,Commune simple,1201718,6079165,1201484,6079192,286,405,58,9,4,2A,CORSE-DU-SUD,94,CORSE,GRANACE,20100,,GRANACE,41.640462631, 9.011964568
42.37920917875403, 9.234716627522568,,COMMUNE00000000000016576,137,2B137,LANO,Commune simple,1214778,6162915,1214126,6162175,829,827,24,14,3,2B,HAUTE-CORSE,94,CORSE,LANO,20244,,LANO,42.378903669, 9.235259414
41.751101248069865, 9.057268950399212,,COMMUNE00000000000001277,357,2A357,ZERUBIA,Commune simple,1206020,6091881,1204691,6091339,730,1353,31,9,4,2A,CORSE-DU-SUD,94,CORSE,ZERUBIA,20116,,ZERUBIA,41.751101958, 9.056943378
42.195548485558355, 9.406152302107053,,COMMUNE00000000000001363,201,2B201,PANCHERACCIA,Commune simple,1226443,6145542,1230028,6143126,245,1452,166,13,3,2B,HAUTE-CORSE,94,CORSE,PANCHERACCIA,20251,,PANCHERACCIA,42.196509397, 9.404937717
41.741711646445054, 8.880203311310337,,COMMUNE00000000000003959,284,2A284,SOLLACARO,Commune simple,1192529,6089904,1190556,6089652,226,2409,350,11,4,2A,CORSE-DU-SUD,94,CORSE,SOLLACARO,20140,,SOLLACARO,41.741671271, 8.88000405
42.427804673961624, 9.341341181104758,,COMMUNE00000000000005660,255,2B255,QUERCITELLO,Commune simple,1222829,6168382,1222115,6168766,778,299,50,9,3,2B,HAUTE-CORSE,94,CORSE,QUERCITELLO,20237,,QUERCITELLO,42.427994577, 9.342287535
42.58239276357847, 8.989420721967392,,COMMUNE00000000000010228,352,2B352,VILLE-DI-PARASO,Commune simple,1191750,6181640,1191727,6184155,319,953,173,15,5,2B,HAUTE-CORSE,94,CORSE,VILLE DI PARASO,20279,,VILLE DI PARASO,42.58198927, 8.989693518
42.19371688479912, 9.237509644778381,,COMMUNE00000000000015013,263,2B263,ROSPIGLIANI,Commune simple,1215050,6141423,1215924,6142023,618,993,84,12,3,2B,HAUTE-CORSE,94,CORSE,ROSPIGLIANI,20242,,ROSPIGLIANI,42.194036469, 9.238021239
42.50095055700847, 9.413623972191413,,COMMUNE00000000000012405,192,2B192,OLMO,Commune simple,1226905,6176487,1227002,6176564,379,449,184,14,3,2B,HAUTE-CORSE,94,CORSE,OLMO,20290,,OLMO,42.500966147, 9.4137889
42.18719443081215, 8.754236918702967,,COMMUNE00000000000000938,28,2A028,BALOGNA,Commune simple,1177925,6137236,1175566,6138325,509,2779,130,10,1,2A,CORSE-DU-SUD,94,CORSE,BALOGNA,20160,,BALOGNA,42.187366095, 8.754098668
42.48294654374282, 9.401635164618611,,COMMUNE00000000000002014,166,2B166,MONTE,Commune simple,1225832,6173391,1225678,6174010,511,1481,622,14,3,2B,HAUTE-CORSE,94,CORSE,MONTE,20290,,MONTE,42.482896791, 9.401684112
42.31476031406576, 9.388476505115124,,COMMUNE00000000000034736,208,2B208,PERELLI,Commune simple,1227236,6157172,1226857,6156579,887,624,112,10,3,2B,HAUTE-CORSE,94,CORSE,PERELLI,20234,,PERELLI,42.314571009, 9.388646318
42.59305154153901, 9.005928641699594,,COMMUNE00000000000036213,182,2B182,OCCHIATANA,Commune simple,1193544,6182612,1192272,6185750,305,1264,176,15,5,2B,HAUTE-CORSE,94,CORSE,OCCHIATANA,20226,,OCCHIATANA,42.596773705, 8.998549075
42.34016599344986, 9.367141308145646,,COMMUNE00000000000030073,234,2B234,PIOBETTA,Commune simple,1226283,6159553,1225348,6159280,1020,504,22,10,3,2B,HAUTE-CORSE,94,CORSE,PIOBETTA,20234,,PIOBETTA,42.34031583, 9.367213393
42.81436641516874, 9.442856560575793,,COMMUNE00000000000031018,281,2B281,SISCO,Commune simple,1225855,6212165,1227243,6212085,403,2491,1030,8,2,2B,HAUTE-CORSE,94,CORSE,SISCO,20233,,SISCO,42.814388776, 9.442806936
41.97373615772423, 8.73120762765081,,COMMUNE00000000000032262,6,2A006,ALATA,Commune simple,1176580,6114708,1175862,6114181,240,3065,3076,5,1,2A,CORSE-DU-SUD,94,CORSE,ALATA,20167,,ALATA,41.973629147, 8.73166165
42.447162362404896, 9.255675453781626,,COMMUNE00000000000020434,169,2B169,MOROSAGLIA,Chef-lieu de canton,1218636,6169062,1218065,6169235,579,2454,1134,14,3,2B,HAUTE-CORSE,94,CORSE,MOROSAGLIA,20218,,MOROSAGLIA,42.447442972, 9.254839416
42.09016921956378, 8.854171759083892,,COMMUNE00000000000021508,144,2A144,LOPIGNA,Commune simple,1183866,6129092,1184873,6128100,431,1970,99,10,1,2A,CORSE-DU-SUD,94,CORSE,LOPIGNA,20139,,LOPIGNA,42.089854585, 8.854582179
42.29272694253294, 9.443627592776819,,COMMUNE00000000000004779,225,2B225,PIETRA-DI-VERDE,Commune simple,1232209,6154892,1231609,6154194,514,873,111,10,3,2B,HAUTE-CORSE,94,CORSE,PIETRA DI VERDE,20230,,PIETRA DI VERDE,42.292706467, 9.444427237
41.76014409577135, 8.925533861249729,,COMMUNE00000000000033903,71,2A071,CASALABRIVA,Commune simple,1194535,6091044,1193646,6091847,434,1587,185,11,4,2A,CORSE-DU-SUD,94,CORSE,CASALABRIVA,20140,,CASALABRIVA,41.759907282, 8.92558467
42.32137982398398, 9.516222053656074,,COMMUNE00000000000018404,87,2B087,CERVIONE,Commune simple,1235323,6158864,1237408,6157762,185,1149,1719,10,3,2B,HAUTE-CORSE,94,CORSE,CERVIONE,20221,,CERVIONE,42.320942878, 9.516363905
41.85286992574516, 8.972253016721453,,COMMUNE00000000000020414,64,2A064,CARDO-TORGIA,Commune simple,1197013,6104179,1196280,6101653,384,393,34,11,1,2A,CORSE-DU-SUD,94,CORSE,CARDO TORGIA,20190,,CARDO TORGIA,41.852428162, 8.97181311
42.0072131371207, 9.367445946066931,,COMMUNE00000000000007762,251,2B251,PRUNELLI-DI-FIUMORBO,Chef-lieu de canton,1224429,6122130,1226780,6122488,105,3777,3483,12,3,2B,HAUTE-CORSE,94,CORSE,PRUNELLI DI FIUMORBO,20243,MORTA,PRUNELLI DI FIUMORBO,42.007265959, 9.367472881
41.923039683719, 8.89435918329587,,COMMUNE00000000000008641,104,2A104,ECCICA-SUARELLA,Commune simple,1190552,6109710,1189471,6109487,207,1445,1090,11,1,2A,CORSE-DU-SUD,94,CORSE,ECCICA SUARELLA,20117,,ECCICA SUARELLA,41.922967405, 8.894632094
42.686285646746704, 9.42519518776147,,COMMUNE00000000000010005,33,2B033,BASTIA,Préfecture de département,1228512,6199407,1226429,6198198,272,1977,43479,99,2,2B,HAUTE-CORSE,94,CORSE,BASTIA,20200,,BASTIA,42.686420533, 9.425134055000001
41.57149250994974, 8.935368679650926,,COMMUNE00000000000010650,272,2A272,SARTENE,Sous-préfecture,1198660,6076586,1193972,6067761,196,20183,3418,9,4,2A,CORSE-DU-SUD,94,CORSE,SARTENE,20100,,SARTENE,41.571785044, 8.935504803
42.604747339879424, 8.857114104470364,,COMMUNE00000000000011089,10,2B010,ALGAJOLA,Commune simple,1181235,6185439,1181075,6185168,94,169,293,7,5,2B,HAUTE-CORSE,94,CORSE,ALGAJOLA,20220,,ALGAJOLA,42.604789177, 8.8573027
42.5801124044803, 8.825601262199097,,COMMUNE00000000000012269,150,2B150,LUMIO,Commune simple,1179105,6182001,1178378,6182613,128,1957,1212,7,5,2B,HAUTE-CORSE,94,CORSE,LUMIO,20260,,LUMIO,42.580023196, 8.825463076
42.630275810460915, 9.057416532811166,,COMMUNE00000000000012683,199,2B199,PALASCA,Commune simple,1196177,6184501,1196879,6190541,161,5006,153,15,5,2B,HAUTE-CORSE,94,CORSE,PALASCA,20226,,PALASCA,42.629909681, 9.057289414
42.388974541270066, 9.288687295174304,,COMMUNE00000000000016290,304,2B304,SAN-LORENZO,Commune simple,1218298,6163352,1218197,6163545,851,1026,136,14,3,2B,HAUTE-CORSE,94,CORSE,SAN LORENZO,20244,,SAN LORENZO,42.38954311, 9.288566111
42.26874797602473, 9.423801130834544,,COMMUNE00000000000016796,53,2B053,CAMPI,Commune simple,1230201,6151749,1230560,6151516,558,488,18,13,3,2B,HAUTE-CORSE,94,CORSE,CAMPI,20270,,CAMPI,42.268421021, 9.42340261
42.32714158374386, 9.30860426864416,,COMMUNE00000000000002060,45,2B045,BUSTANICO,Commune simple,1219652,6156567,1220285,6157317,1113,1158,60,14,3,2B,HAUTE-CORSE,94,CORSE,BUSTANICO,20212,,BUSTANICO,42.327134133, 9.308731954
42.54155142641215, 9.47326957368158,,COMMUNE00000000000026993,148,2B148,LUCCIANA,Commune simple,1227270,6182099,1231377,6182214,72,2933,4883,6,2,2B,HAUTE-CORSE,94,CORSE,LUCCIANA,20290,,LUCCIANA,42.541487267, 9.47330789
41.88217679170618, 9.07130682988164,,COMMUNE00000000000031126,94,2A094,CORRANO,Commune simple,1203933,6107023,1204985,6106525,496,1274,86,11,1,2A,CORSE-DU-SUD,94,CORSE,CORRANO,20168,,CORRANO,41.881942483, 9.071029024
42.455233735483354, 9.496474480894435,,COMMUNE00000000000031136,207,2B207,PENTA-DI-CASINCA,Chef-lieu de canton,1231459,6173725,1234662,6172134,118,1858,3247,9,3,2B,HAUTE-CORSE,94,CORSE,PENTA DI CASINCA,20213,FOLELLI,PENTA DI CASINCA,42.454846225, 9.497197393
42.7516146771903, 9.423629540799054,,COMMUNE00000000000009602,309,2B309,SANTA-MARIA-DI-LOTA,Commune simple,1228697,6204206,1226122,6204476,513,1333,2005,8,2,2B,HAUTE-CORSE,94,CORSE,SANTA MARIA DI LOTA,20200,,SANTA MARIA DI LOTA,42.751400321, 9.423741198
42.574060726172576, 9.457479246640142,,COMMUNE00000000000011672,42,2B042,BORGO,Chef-lieu de canton,1228028,6183078,1230298,6184789,99,4839,7950,6,2,2B,HAUTE-CORSE,94,CORSE,BORGO,20290,,BORGO,42.574003192, 9.457372925
42.015847243343316, 9.263727144378159,,COMMUNE00000000000026211,135,2B135,ISOLACCIO-DI-FIUMORBO,Commune simple,1220875,6120910,1219447,6122832,880,4143,361,12,3,2B,HAUTE-CORSE,94,CORSE,ISOLACCIO DI FIUMORBO,20243,,ISOLACCIO DI FIUMORBO,42.015837338, 9.264232102
42.84436721008857, 9.438341604683924,,COMMUNE00000000000032861,224,2B224,PIETRACORBARA,Commune simple,1225559,6215504,1226282,6215750,275,2626,616,8,2,2B,HAUTE-CORSE,94,CORSE,PIETRACORBARA,20233,,PIETRACORBARA,42.844694311, 9.438158539
42.126475406437976, 9.2998782389314,,COMMUNE00000000000032895,229,2B229,PIETROSO,Commune simple,1218647,6137989,1222413,6133355,509,2596,244,12,3,2B,HAUTE-CORSE,94,CORSE,PIETROSO,20242,,PIETROSO,42.126673307, 9.299766506
42.30403842562545, 9.327150723072767,,COMMUNE00000000000016704,157,2B157,MAZZOLA,Commune simple,1220697,6154218,1221758,6154049,1033,658,26,14,3,2B,HAUTE-CORSE,94,CORSE,MAZZOLA,20212,,MAZZOLA,42.304307939, 9.327333922
42.288192019941484, 9.529432656335821,,COMMUNE00000000000027798,303,2B303,SAN-GIULIANO,Commune simple,1235433,6156962,1239213,6154330,47,2389,663,10,3,2B,HAUTE-CORSE,94,CORSE,SAN GIULIANO,20230,ALISTRO,SAN GIULIANO,42.288169973, 9.529052051
41.617383384441446, 8.823633440259567,,COMMUNE00000000000027946,35,2A035,BELVEDERE-CAMPOMORO,Commune simple,1185397,6076372,1186342,6075785,178,2710,153,9,4,2A,CORSE-DU-SUD,94,CORSE,BELVEDERE CAMPOMORO,20110,,BELVEDERE CAMPOMORO,41.617484765, 8.823760312000001
41.66816963042546, 9.060572899469028,,COMMUNE00000000000029670,308,2A308,SAINTE-LUCIE-DE-TALLANO,Commune simple,1205560,6085721,1205865,6081152,386,2574,446,9,4,2A,CORSE-DU-SUD,94,CORSE,STE LUCIE DE TALLANO,20112,,STE LUCIE DE TALLANO,41.668136095, 9.06113618
41.50465336575341, 9.048541125533657,,COMMUNE00000000000021246,215,2A215,PIANOTTOLI-CALDARELLO,Commune simple,1206626,6063057,1205399,6063339,206,4313,934,7,4,2A,CORSE-DU-SUD,94,CORSE,PIANOTTOLI CALDARELLO,20131,,PIANOTTOLI CALDARELLO,41.50486051, 9.048613299
41.81353341789536, 9.35254735277788,,COMMUNE00000000000022090,269,2A269,SARI-SOLENZARA,Commune simple,1231981,6105621,1229986,6101600,217,7481,1385,6,4,2A,CORSE-DU-SUD,94,CORSE,SARI SOLENZARA,20145,,SARI SOLENZARA,41.813484625, 9.352409259
42.543775943944226, 8.855699396860786,,COMMUNE00000000000022570,167,2B167,MONTEGROSSO,Commune simple,1182799,6177487,1181212,6178638,266,2282,453,7,5,2B,HAUTE-CORSE,94,CORSE,MONTEGROSSO,20214,CASSANO,MONTEGROSSO,42.543663575, 8.855619205
41.99207914094099, 9.18902598645015,,COMMUNE00000000000003920,200,2A200,PALNECA,Commune simple,1212265,6116589,1213253,6119673,1298,4381,166,11,1,2A,CORSE-DU-SUD,94,CORSE,PALNECA,20134,,PALNECA,41.991820611, 9.189004468
42.35005464789119, 9.508286499673295,,COMMUNE00000000000006851,311,2B311,SANTA-MARIA-POGGIO,Commune simple,1239168,6160086,1236558,6161260,195,1025,657,10,3,2B,HAUTE-CORSE,94,CORSE,SANTA MARIA POGGIO,20221,,SANTA MARIA POGGIO,42.350302201, 9.508105398
41.80745609624749, 9.200643028489093,,COMMUNE00000000000000339,254,2A254,QUENZA,Commune simple,1211176,6093782,1215418,6098080,1168,9626,206,9,4,2A,CORSE-DU-SUD,94,CORSE,QUENZA,20122,,QUENZA,41.807500353, 9.200726813
42.7516146771903, 9.423629540799054,,COMMUNE00000000000009602,309,2B309,SANTA-MARIA-DI-LOTA,Commune simple,1228697,6204206,1226122,6204476,513,1333,2005,8,2,2B,HAUTE-CORSE,94,CORSE,SANTA MARIA DI LOTA,20200,MIOMO,SANTA MARIA DI LOTA,42.751400321, 9.423741198
41.84820367655791, 9.015962168118426,,COMMUNE00000000000012866,117,2A117,FORCIOLO,Commune simple,1199681,6102717,1200489,6102051,434,685,66,11,1,2A,CORSE-DU-SUD,94,CORSE,FORCIOLO,20190,,FORCIOLO,41.848098218, 9.015462121
41.890423459896695, 9.001543403179733,,COMMUNE00000000000001207,56,2A056,CAMPO,Commune simple,1198942,6106827,1198392,6106820,685,329,95,11,1,2A,CORSE-DU-SUD,94,CORSE,CAMPO,20142,,CAMPO,41.890771999, 9.000227322
42.36229190221655, 8.981087841361692,,COMMUNE00000000000000733,147,2B147,LOZZI,Commune simple,1195007,6157159,1192342,6159366,1590,3075,122,14,3,2B,HAUTE-CORSE,94,CORSE,LOZZI,20224,,LOZZI,42.362293727, 8.981020761
41.6219797582152, 8.90503180930685,,COMMUNE00000000000014643,38,2A038,BILIA,Commune simple,1193102,6076665,1192921,6076570,411,743,48,9,4,2A,CORSE-DU-SUD,94,CORSE,BILIA,20100,,BILIA,41.621985218, 8.90490826
42.41806741681155, 9.507773269687798,,COMMUNE00000000000014842,319,2B319,TALASANI,Commune simple,1233660,6167253,1236048,6168553,130,1009,731,9,3,2B,HAUTE-CORSE,94,CORSE,TALASANI,20230,FIGARETTO,TALASANI,42.417835828, 9.50741683
42.59114037426283, 8.876815737069299,,COMMUNE00000000000004438,20,2B020,AREGNO,Commune simple,1184102,6182671,1182517,6183217,106,931,594,7,5,2B,HAUTE-CORSE,94,CORSE,AREGNO,20220,,AREGNO,42.590898593, 8.876938813
42.04378785635483, 9.422549547303857,,COMMUNE00000000000019172,123,2B123,GHISONACCIA,Chef-lieu de canton,1231019,6123322,1232863,6127126,35,7630,3892,13,3,2B,HAUTE-CORSE,94,CORSE,GHISONACCIA,20240,,GHISONACCIA,42.043742147, 9.422912189
42.61228442683348, 9.364421561653236,,COMMUNE00000000000027532,188,2B188,OLMETA-DI-TUDA,Commune simple,1221476,6188965,1222977,6188955,307,1746,398,5,5,2B,HAUTE-CORSE,94,CORSE,OLMETA DI TUDA,20232,,OLMETA DI TUDA,42.612322524, 9.363945407
42.456219900123386, 9.344963820074794,,COMMUNE00000000000031783,195,2B195,ORTIPORIO,Commune simple,1221987,6171789,1222395,6171960,764,501,131,14,3,2B,HAUTE-CORSE,94,CORSE,ORTIPORIO,20290,,ORTIPORIO,42.456479299, 9.345094755
42.162541301818536, 8.898201274649427,,COMMUNE00000000000032205,240,2A240,POGGIOLO,Commune simple,1188722,6137918,1187640,6136482,796,1217,100,10,1,2A,CORSE-DU-SUD,94,CORSE,POGGIOLO,20160,GUAGNO LES BAINS,POGGIOLO,42.162669782, 8.898744992
41.72126395988918, 9.266603914353373,,COMMUNE00000000000024694,362,2A362,ZONZA,Commune simple,1213954,6092133,1219210,6092213,544,13487,2482,6,4,2A,CORSE-DU-SUD,94,CORSE,ZONZA,20144,STE LUCIE DE PORTO VECCHIO,ZONZA,41.721325902, 9.266900148
42.686285646746704, 9.42519518776147,,COMMUNE00000000000010005,33,2B033,BASTIA,Préfecture de département,1228512,6199407,1226429,6198198,272,1977,43479,99,2,2B,HAUTE-CORSE,94,CORSE,BASTIA,20200,CARDO,BASTIA,42.686420533, 9.425134055000001
42.28231073633675, 8.994797638058426,,COMMUNE00000000000012260,73,2B073,CASAMACCIOLI,Commune simple,1195093,6154086,1195731,6150808,1543,3651,98,14,3,2B,HAUTE-CORSE,94,CORSE,CASAMACCIOLI,20224,,CASAMACCIOLI,42.282832216, 8.995293774
42.311615977865905, 8.924114398255092,,COMMUNE00000000000005705,7,2B007,ALBERTACCE,Commune simple,1193569,6155053,1188269,6154014,1432,9718,215,14,3,2B,HAUTE-CORSE,94,CORSE,ALBERTACCE,20224,VERGIO,ALBERTACCE,42.311736325, 8.924113162
42.219901549271285, 9.278963407276862,,COMMUNE00000000000006454,12,2B012,ALTIANI,Commune simple,1219668,6147046,1219197,6145490,401,1848,61,13,3,2B,HAUTE-CORSE,94,CORSE,ALTIANI,20251,,ALTIANI,42.21988286, 9.278582603
42.6724267264995, 9.203849093279862,,COMMUNE00000000000006586,314,2B314,SANTO-PIETRO-DI-TENDA,Commune simple,1213662,6187663,1208127,6195303,240,12636,356,5,5,2B,HAUTE-CORSE,94,CORSE,SANTO PIETRO DI TENDA,20217,CASTA,SANTO PIETRO DI TENDA,42.672456749, 9.203774971
42.18439798758196, 9.465756477749043,,COMMUNE00000000000014291,320,2B320,TALLONE,Commune simple,1229845,6147214,1235820,6140718,113,7009,315,13,3,2B,HAUTE-CORSE,94,CORSE,TALLONE,20270,,TALLONE,42.184365159, 9.46564825
42.15875436937831, 8.846479467337653,,COMMUNE00000000000028128,174,2A174,MURZO,Commune simple,1181970,6136420,1183454,6135514,669,2150,81,10,1,2A,CORSE-DU-SUD,94,CORSE,MURZO,20160,,MURZO,42.158617987, 8.846746277
42.00141900249819, 8.834713185527312,,COMMUNE00000000000030265,271,2A271,SARROLA-CARCOPINO,Commune simple,1184402,6120944,1183578,6118377,249,2700,2219,8,1,2A,CORSE-DU-SUD,94,CORSE,SARROLA CARCOPINO,20167,,SARROLA CARCOPINO,42.001804096, 8.835119475
42.00340775300767, 8.734189369843586,,COMMUNE00000000000032886,17,2A017,APPIETTO,Commune simple,1178345,6118952,1174963,6117589,242,3460,1619,8,1,2A,CORSE-DU-SUD,94,CORSE,APPIETTO,20167,,APPIETTO,42.00345914, 8.733864943
42.254259970152624, 9.356828088271437,,COMMUNE00000000000033446,15,2B015,AMPRIANI,Commune simple,1224942,6149363,1224898,6149420,570,232,13,13,3,2B,HAUTE-CORSE,94,CORSE,AMPRIANI,20272,,AMPRIANI,42.254069427, 9.356980634
41.68077710250745, 9.233454614137308,,COMMUNE00000000000017549,300,2A300,SAN-GAVINO-DI-CARBINI,Commune simple,1212296,6088891,1222068,6084023,389,4802,1061,6,4,2A,CORSE-DU-SUD,94,CORSE,SAN GAVINO DI CARBINI,20170,,SAN GAVINO DI CARBINI,41.6808746, 9.233197674
42.15742070960404, 9.291985941144961,,COMMUNE00000000000019688,347,2B347,VEZZANI,Commune simple,1216547,6139746,1220806,6138309,602,4647,322,12,3,2B,HAUTE-CORSE,94,CORSE,VEZZANI,20242,,VEZZANI,42.157535989, 9.29219028
41.82638044002241, 8.949113707614643,,COMMUNE00000000000021156,331,2A331,URBALACONE,Commune simple,1194745,6100433,1194752,6099236,335,832,71,11,1,2A,CORSE-DU-SUD,94,CORSE,URBALACONE,20128,,URBALACONE,41.826622451, 8.948910033
42.543775943944226, 8.855699396860786,,COMMUNE00000000000022570,167,2B167,MONTEGROSSO,Commune simple,1182799,6177487,1181212,6178638,266,2282,453,7,5,2B,HAUTE-CORSE,94,CORSE,MONTEGROSSO,20214,ST RAINIER DE BALAGNE,MONTEGROSSO,42.543663575, 8.855619205
42.53707406197561, 9.39616926399559,,COMMUNE00000000000018705,350,2B350,VIGNALE,Commune simple,1224399,6181008,1225829,6180448,407,1086,184,6,2,2B,HAUTE-CORSE,94,CORSE,VIGNALE,20290,,VIGNALE,42.536988042, 9.395981853
41.884484587907394, 9.166997179528526,,COMMUNE00000000000019595,359,2A359,ZICAVO,Commune simple,1209239,6109400,1212470,6107671,1304,9277,231,11,1,2A,CORSE-DU-SUD,94,CORSE,ZICAVO,20132,,ZICAVO,41.884420509, 9.16690313
42.43748725402837, 9.135672771987046,,COMMUNE00000000000020789,244,2B244,POPOLASCA,Commune simple,1204890,6167684,1205255,6168567,811,1047,50,14,3,2B,HAUTE-CORSE,94,CORSE,POPOLASCA,20218,,POPOLASCA,42.437461206, 9.135258451
41.70916367080872, 9.076950598332125,,COMMUNE00000000000029616,11,2A011,ALTAGENE,Commune simple,1205970,6086718,1206689,6087359,715,476,48,9,4,2A,CORSE-DU-SUD,94,CORSE,ALTAGENE,20112,,ALTAGENE,41.709341198, 9.077320052
42.60782751162184, 9.014175190616665,,COMMUNE00000000000029746,34,2B034,BELGODERE,Commune simple,1194175,6183939,1193062,6186999,173,1305,525,15,5,2B,HAUTE-CORSE,94,CORSE,BELGODERE,20226,LOZARI,BELGODERE,42.608071388, 9.014172599
42.65294132178745, 9.152582683931344,,COMMUNE00000000000006416,301,2B301,SAN-GAVINO-DI-TENDA,Commune simple,1214506,6186992,1203521,6192859,395,5056,58,5,5,2B,HAUTE-CORSE,94,CORSE,SAN GAVINO DI TENDA,20246,,SAN GAVINO DI TENDA,42.652740187, 9.15276246
42.20651629645457, 8.820845044080931,,COMMUNE00000000000013435,258,2A258,RENNO,Commune simple,1181562,6141153,1180992,6140762,953,1270,59,10,1,2A,CORSE-DU-SUD,94,CORSE,RENNO,20160,,RENNO,42.206614166, 8.820333351
41.72135906273264, 9.071935491048162,,COMMUNE00000000000016383,363,2A363,ZOZA,Commune simple,1205877,6087972,1206355,6088694,381,504,51,9,4,2A,CORSE-DU-SUD,94,CORSE,ZOZA,20112,,ZOZA,41.721274416, 9.071461428
42.78861932725678, 9.354644359400208,,COMMUNE00000000000022602,178,2B178,NONZA,Commune simple,1219152,6208109,1220235,6208387,296,851,72,8,2,2B,HAUTE-CORSE,94,CORSE,NONZA,20217,,NONZA,42.788425207, 9.354607925
41.97680207525937, 8.883512161094021,,COMMUNE00000000000025982,103,2A103,CUTTOLI-CORTICCHIATO,Commune simple,1190003,6117013,1188810,6115915,474,3073,1947,8,1,2A,CORSE-DU-SUD,94,CORSE,CUTTOLI CORTICCHIATO,20167,,CUTTOLI CORTICCHIATO,41.976786839, 8.883279935000001
42.015847243343316, 9.263727144378159,,COMMUNE00000000000026211,135,2B135,ISOLACCIO-DI-FIUMORBO,Commune simple,1220875,6120910,1219447,6122832,880,4143,361,12,3,2B,HAUTE-CORSE,94,CORSE,ISOLACCIO DI FIUMORBO,20243,PIETRAPOLA,ISOLACCIO DI FIUMORBO,42.015837338, 9.264232102
42.57747710726452, 9.245231145661947,,COMMUNE00000000000026744,287,2B287,SORIO,Commune simple,1215171,6185289,1212722,6184902,821,1552,140,5,5,2B,HAUTE-CORSE,94,CORSE,SORIO,20246,,SORIO,42.577541785, 9.244900728
42.54513630300832, 8.76005794315057,,COMMUNE00000000000033886,50,2B050,CALVI,Sous-préfecture,1172899,6180349,1173670,6176892,89,3160,5514,7,5,2B,HAUTE-CORSE,94,CORSE,CALVI,20260,,CALVI,42.5450569, 8.760064772
42.47424779728042, 9.122299369976075,,COMMUNE00000000000035096,162,2B162,MOLTIFAO,Commune simple,1202908,6173582,1204573,6172247,574,5578,734,14,3,2B,HAUTE-CORSE,94,CORSE,MOLTIFAO,20218,,MOLTIFAO,42.474312405, 9.123341042
42.152379302744706, 9.120530676527071,,COMMUNE00000000000036424,354,2B354,VIVARIO,Commune simple,1210250,6139136,1206453,6136355,1229,7859,498,11,3,2B,HAUTE-CORSE,94,CORSE,VIVARIO,20219,,VIVARIO,42.152494442, 9.120723761
42.08757874318534, 8.772950357651883,,COMMUNE00000000000008197,14,2A014,AMBIEGNA,Commune simple,1179797,6126866,1178003,6126988,155,621,66,10,1,2A,CORSE-DU-SUD,94,CORSE,AMBIEGNA,20151,,AMBIEGNA,42.087881677, 8.77334639
42.406150354093114, 9.413891909451758,,COMMUNE00000000000008642,297,2B297,SAN-DAMIANO,Commune simple,1227697,6167113,1228555,6166584,641,586,52,9,3,2B,HAUTE-CORSE,94,CORSE,SAN DAMIANO,20213,,SAN DAMIANO,42.406030999, 9.414212625
41.67058605152007, 9.033140935633117,,COMMUNE00000000000009353,191,2A191,OLMICCIA,Commune simple,1205243,6085179,1203641,6082872,179,1133,112,9,4,2A,CORSE-DU-SUD,94,CORSE,OLMICCIA,20112,,OLMICCIA,41.67064449, 9.033577364
42.12550451002281, 8.862198578149052,,COMMUNE00000000000004124,262,2A262,ROSAZIA,Commune simple,1186253,6132269,1185278,6132147,602,1986,55,10,1,2A,CORSE-DU-SUD,94,CORSE,ROSAZIA,20121,,ROSAZIA,42.125334299, 8.861925294
41.934919400492284, 8.701352846149183,,COMMUNE00000000000022760,4,2A004,AJACCIO,Préfecture de région,1176426,6108968,1171812,6109485,138,8314,66245,98,1,2A,CORSE-DU-SUD,94,CORSE,AJACCIO,20090,,AJACCIO,41.934723456, 8.700937555
42.54155142641215, 9.47326957368158,,COMMUNE00000000000026993,148,2B148,LUCCIANA,Commune simple,1227270,6182099,1231377,6182214,72,2933,4883,6,2,2B,HAUTE-CORSE,94,CORSE,LUCCIANA,20290,PORETTA,LUCCIANA,42.541487267, 9.47330789
42.47653439465112, 9.42497836188545,,COMMUNE00000000000033721,145,2B145,LORETO-DI-CASINCA,Commune simple,1228990,6174548,1228657,6174662,593,810,230,9,3,2B,HAUTE-CORSE,94,CORSE,LORETO DI CASINCA,20215,,LORETO DI CASINCA,42.476560658, 9.425072468
42.48626328095742, 9.319153858472188,,COMMUNE00000000000034491,39,2B039,BISINCHI,Commune simple,1220174,6173993,1219399,6174742,502,1277,180,14,3,2B,HAUTE-CORSE,94,CORSE,BISINCHI,20235,,BISINCHI,42.486019143, 9.319438296
42.73269710431022, 9.43207191400171,,COMMUNE00000000000035375,305,2B305,SAN-MARTINO-DI-LOTA,Chef-lieu de canton,1228777,6202021,1226504,6202931,377,960,2882,8,2,2B,HAUTE-CORSE,94,CORSE,SAN MARTINO DI LOTA,20200,,SAN MARTINO DI LOTA,42.732564534, 9.432332916
42.35688671612486, 9.343741168735484,,COMMUNE00000000000035748,221,2B221,PIEDIPARTINO,Commune simple,1224050,6162016,1222816,6160939,1094,333,17,10,3,2B,HAUTE-CORSE,94,CORSE,PIEDIPARTINO,20229,,PIEDIPARTINO,42.357818151000004, 9.344917642
42.16809025292548, 9.189799119479094,,COMMUNE00000000000009233,171,2B171,MURACCIOLE,Commune simple,1211414,6138878,1212267,6139228,888,1424,43,11,3,2B,HAUTE-CORSE,94,CORSE,MURACCIOLE,20219,,MURACCIOLE,42.168067922, 9.19010691
42.42303651184564, 9.258804213878113,,COMMUNE00000000000013459,122,2B122,GAVIGNANO,Commune simple,1217720,6167077,1217192,6166860,539,1085,39,14,3,2B,HAUTE-CORSE,94,CORSE,GAVIGNANO,20218,,GAVIGNANO,42.424118586, 9.250834128
42.060922750549615, 8.92226658692721,,COMMUNE00000000000010015,345,2A345,VERO,Commune simple,1191546,6125428,1190721,6125244,511,2373,506,8,1,2A,CORSE-DU-SUD,94,CORSE,VERO,20172,,VERO,42.061137696, 8.922243833
41.770648248738034, 8.969685440875693,,COMMUNE00000000000010148,211,2A211,PETRETO-BICCHISANO,Commune simple,1197846,6094689,1197514,6093206,603,3933,561,11,4,2A,CORSE-DU-SUD,94,CORSE,PETRETO BICCHISANO,20140,,PETRETO BICCHISANO,41.770617869, 8.969676171
42.150758349010374, 8.729726400924045,,COMMUNE00000000000012251,348,2A348,VICO,Commune simple,1179647,6136085,1174276,6134167,301,5245,855,10,1,2A,CORSE-DU-SUD,94,CORSE,VICO,20118,SAGONE,VICO,42.150789996, 8.730072028
42.8718795886404, 9.443251367483027,,COMMUNE00000000000001772,46,2B046,CAGNANO,Commune simple,1225308,6218718,1226505,6218686,231,1483,184,8,2,2B,HAUTE-CORSE,94,CORSE,CAGNANO,20228,,CAGNANO,42.872170687, 9.44355702
42.42789269402064, 9.272900988879679,,COMMUNE00000000000004407,82,2B082,CASTINETA,Commune simple,1218659,6167658,1216403,6168049,641,944,51,14,3,2B,HAUTE-CORSE,94,CORSE,CASTINETA,20218,,CASTINETA,42.428151857, 9.272871351
42.23378561421711, 9.355128162380828,,COMMUNE00000000000006208,226,2B226,PIETRASERENA,Commune simple,1224179,6147191,1224911,6147322,517,679,74,13,3,2B,HAUTE-CORSE,94,CORSE,PIETRASERENA,20251,,PIETRASERENA,42.233745006, 9.354649252
42.4527380258115, 9.417698031602317,,COMMUNE00000000000007096,280,2B280,SILVARECCIO,Commune simple,1227477,6171493,1227657,6171905,711,483,119,9,3,2B,HAUTE-CORSE,94,CORSE,SILVARECCIO,20215,,SILVARECCIO,42.452776483, 9.417778706
42.3881480837936, 9.34009258871347,,COMMUNE00000000000032623,52,2B052,CAMPANA,Commune simple,1223266,6164151,1222476,6164246,1065,236,20,10,3,2B,HAUTE-CORSE,94,CORSE,CAMPANA,20229,,CAMPANA,42.388404949, 9.340363117
42.53111225812705, 9.263174679667763,,COMMUNE00000000000033081,140,2B140,LENTO,Commune simple,1216378,6178568,1214248,6179327,906,2359,117,14,3,2B,HAUTE-CORSE,94,CORSE,LENTO,20252,,LENTO,42.53133798, 9.263000703
42.93578533095384, 9.373256679928383,,COMMUNE00000000000034487,170,2B170,MORSIGLIA,Commune simple,1219357,6226070,1220620,6225388,254,1357,138,8,2,2B,HAUTE-CORSE,94,CORSE,MORSIGLIA,20238,,MORSIGLIA,42.935746737, 9.373641618
42.40779281267725, 8.707006469209203,,COMMUNE00000000000035083,121,2B121,GALERIA,Commune simple,1165313,6162159,1172607,6162829,404,13651,327,7,5,2B,HAUTE-CORSE,94,CORSE,GALERIA,20245,,GALERIA,42.407960972, 8.707141987
42.43541953155732, 9.4236443710192,,COMMUNE00000000000029009,72,2B072,CASALTA,Commune simple,1227599,6170536,1228955,6170127,282,494,50,9,3,2B,HAUTE-CORSE,94,CORSE,CASALTA,20215,,CASALTA,42.435560307, 9.423293866
41.52507029892582, 9.011748160223068,,COMMUNE00000000000023376,163,2A163,MONACIA-D'AULLENE,Commune simple,1202747,6064917,1203058,6066834,309,4007,467,7,4,2A,CORSE-DU-SUD,94,CORSE,MONACIA D AULLENE,20171,,MONACIA D AULLENE,41.524839286, 9.011638307
42.43498294664151, 9.496739523273305,,COMMUNE00000000000023921,318,2B318,TAGLIO-ISOLACCIO,Commune simple,1233528,6169517,1235182,6170222,129,1162,565,9,3,2B,HAUTE-CORSE,94,CORSE,TAGLIO ISOLACCIO,20230,,TAGLIO ISOLACCIO,42.434762444, 9.495844838
42.62206138978135, 8.961398267729766,,COMMUNE00000000000026045,168,2B168,MONTICELLO,Commune simple,1188662,6187050,1189314,6187826,130,1072,1740,15,5,2B,HAUTE-CORSE,94,CORSE,MONTICELLO,20220,,MONTICELLO,42.621908967, 8.961753332
42.015847243343316, 9.263727144378159,,COMMUNE00000000000026211,135,2B135,ISOLACCIO-DI-FIUMORBO,Commune simple,1220875,6120910,1219447,6122832,880,4143,361,12,3,2B,HAUTE-CORSE,94,CORSE,ISOLACCIO DI FIUMORBO,20243,AJIOLA,ISOLACCIO DI FIUMORBO,42.015837338, 9.264232102
42.04378785635483, 9.422549547303857,,COMMUNE00000000000019172,123,2B123,GHISONACCIA,Chef-lieu de canton,1231019,6123322,1232863,6127126,35,7630,3892,13,3,2B,HAUTE-CORSE,94,CORSE,GHISONACCIA,20240,ALZITONE,GHISONACCIA,42.043742147, 9.422912189
41.90909035936553, 9.009356637520312,,COMMUNE00000000000020649,253,2A253,QUASQUARA,Commune simple,1199388,6107878,1198884,6108476,1005,618,53,11,1,2A,CORSE-DU-SUD,94,CORSE,QUASQUARA,20142,,QUASQUARA,41.909019445, 9.00915712
42.0072131371207, 9.367445946066931,,COMMUNE00000000000007762,251,2B251,PRUNELLI-DI-FIUMORBO,Chef-lieu de canton,1224429,6122130,1226780,6122488,105,3777,3483,12,3,2B,HAUTE-CORSE,94,CORSE,PRUNELLI DI FIUMORBO,20243,,PRUNELLI DI FIUMORBO,42.007265959, 9.367472881
41.73224014633955, 9.041167635138471,,COMMUNE00000000000009219,66,2A066,CARGIACA,Commune simple,1204006,6089451,1203266,6089427,511,796,55,9,4,2A,CORSE-DU-SUD,94,CORSE,CARGIACA,20164,,CARGIACA,41.732245332, 9.040954726
41.807081086255536, 9.092904121289738,,COMMUNE00000000000009787,24,2A024,AULLENE,Commune simple,1206305,6094090,1207359,6099281,1138,4097,184,9,4,2A,CORSE-DU-SUD,94,CORSE,AULLENE,20116,,AULLENE,41.807022288, 9.092922973
42.36875549088314, 9.30172198447647,,COMMUNE00000000000013003,51,2B051,CAMBIA,Commune simple,1218723,6161065,1219436,6161698,910,835,86,14,3,2B,HAUTE-CORSE,94,CORSE,CAMBIA,20244,,CAMBIA,42.368771929, 9.302086757
42.29768854370761, 9.355842018214574,,COMMUNE00000000000016819,213,2B213,PIANELLO,Commune simple,1224890,6153328,1224664,6154830,969,1701,59,13,3,2B,HAUTE-CORSE,94,CORSE,PIANELLO,20272,,PIANELLO,42.297735632, 9.356328684
42.311615977865905, 8.924114398255092,,COMMUNE00000000000005705,7,2B007,ALBERTACCE,Commune simple,1193569,6155053,1188269,6154014,1432,9718,215,14,3,2B,HAUTE-CORSE,94,CORSE,ALBERTACCE,20224,,ALBERTACCE,42.311736325, 8.924113162
42.495051068454515, 8.964765905479279,,COMMUNE00000000000002664,156,2B156,MAUSOLEO,Commune simple,1193952,6176563,1191143,6174322,1178,1946,17,15,5,2B,HAUTE-CORSE,94,CORSE,MAUSOLEO,20259,,MAUSOLEO,42.495194508, 8.965300464
41.80265806832217, 8.865808345914047,,COMMUNE00000000000002962,91,2A091,COGNOCOLI-MONTICCHI,Commune simple,1191290,6099214,1188331,6097202,395,3590,173,11,1,2A,CORSE-DU-SUD,94,CORSE,COGNOCOLI MONTICCHI,20166,MARATO,COGNOCOLI MONTICCHI,41.802400595, 8.865927867
42.39525850704955, 9.347911635322486,,COMMUNE00000000000003113,176,2B176,NOCARIO,Commune simple,1223976,6164859,1222805,6164808,820,315,60,10,3,2B,HAUTE-CORSE,94,CORSE,NOCARIO,20229,,NOCARIO,42.395383375, 9.347999187
42.26523599230361, 9.340874662255224,,COMMUNE00000000000023942,364,2B364,ZUANI,Commune simple,1223902,6151192,1223569,6150663,713,519,30,13,3,2B,HAUTE-CORSE,94,CORSE,ZUANI,20272,,ZUANI,42.265394888, 9.340839826
42.143332045528794, 9.016101471647515,,COMMUNE00000000000026382,204,2A204,PASTRICCIOLA,Commune simple,1195169,6134271,1197795,6135412,1075,4650,97,10,1,2A,CORSE-DU-SUD,94,CORSE,PASTRICCIOLA,20121,,PASTRICCIOLA,42.143534665, 9.016661089
42.31458612407982, 9.473055259262122,,COMMUNE00000000000032417,293,2B293,SANT'ANDREA-DI-COTONE,Commune simple,1234483,6156760,1233804,6156359,433,877,240,10,3,2B,HAUTE-CORSE,94,CORSE,SANT ANDREA DI COTONE,20221,,SANT ANDREA DI COTONE,42.314731034, 9.472934033
42.214009993161994, 9.137152458130815,,COMMUNE00000000000033506,341,2B341,VENACO,Commune simple,1209968,6145745,1207380,6143916,1181,5362,763,11,3,2B,HAUTE-CORSE,94,CORSE,VENACO,20231,,VENACO,42.213918028, 9.137186586
42.34052192310853, 9.193195072766546,,COMMUNE00000000000021090,329,2B329,TRALONCA,Commune simple,1211757,6158253,1210102,6158049,732,1574,102,14,3,2B,HAUTE-CORSE,94,CORSE,TRALONCA,20250,,TRALONCA,42.340626954, 9.192853447
41.86058320203893, 8.877301575501063,,COMMUNE00000000000031113,8,2A008,ALBITRECCIA,Commune simple,1194001,6103245,1186732,6102405,513,4599,1566,11,1,2A,CORSE-DU-SUD,94,CORSE,ALBITRECCIA,20128,,ALBITRECCIA,41.860660612, 8.8777584
41.86058320203893, 8.877301575501063,,COMMUNE00000000000031113,8,2A008,ALBITRECCIA,Commune simple,1194001,6103245,1186732,6102405,513,4599,1566,11,1,2A,CORSE-DU-SUD,94,CORSE,ALBITRECCIA,20166,,ALBITRECCIA,41.860660612, 8.8777584
41.828196090612096, 8.928036264430116,,COMMUNE00000000000009081,132,2A132,GUARGUALE,Commune simple,1192963,6100237,1192796,6099378,428,1064,136,11,1,2A,CORSE-DU-SUD,94,CORSE,GUARGUALE,20128,,GUARGUALE,41.827608574, 8.927786507
42.11308353404317, 8.931487316448083,,COMMUNE00000000000011193,27,2A027,AZZANA,Commune simple,1190404,6131414,1190779,6130147,648,1199,40,10,1,2A,CORSE-DU-SUD,94,CORSE,AZZANA,20121,,AZZANA,42.112842887, 8.931331876
42.112691840340844, 8.735193359126734,,COMMUNE00000000000012788,90,2A090,COGGIA,Commune simple,1175869,6130970,1174912,6129805,266,3154,827,10,1,2A,CORSE-DU-SUD,94,CORSE,COGGIA,20118,SAGONE,COGGIA,42.112405574, 8.735278053
41.934919400492284, 8.701352846149183,,COMMUNE00000000000022760,4,2A004,AJACCIO,Préfecture de région,1176426,6108968,1171812,6109485,138,8314,66245,98,1,2A,CORSE-DU-SUD,94,CORSE,AJACCIO,20167,MEZZAVIA,AJACCIO,41.934723456, 8.700937555
42.619712959335004, 9.296338887061776,,COMMUNE00000000000024883,257,2B257,RAPALE,Commune simple,1217535,6186341,1216996,6190123,210,1003,148,5,5,2B,HAUTE-CORSE,94,CORSE,RAPALE,20246,,RAPALE,42.620693423, 9.304226711
42.873049541668166, 9.360478927327181,,COMMUNE00000000000026008,30,2B030,BARRETTALI,Commune simple,1219212,6218412,1219224,6218348,452,1838,131,8,2,2B,HAUTE-CORSE,94,CORSE,BARRETTALI,20228,,BARRETTALI,42.87317892, 9.360533263
42.18439798758196, 9.465756477749043,,COMMUNE00000000000014291,320,2B320,TALLONE,Commune simple,1229845,6147214,1235820,6140718,113,7009,315,13,3,2B,HAUTE-CORSE,94,CORSE,TALLONE,20270,PIANICCIA,TALLONE,42.184365159, 9.46564825
41.84070379068362, 9.068970685645471,,COMMUNE00000000000006047,186,2A186,OLIVESE,Commune simple,1203683,6102069,1204680,6101544,806,2946,237,11,4,2A,CORSE-DU-SUD,94,CORSE,OLIVESE,20140,,OLIVESE,41.840754048, 9.068910135
42.21765693987713, 9.509976846900809,,COMMUNE00000000000001222,143,2B143,LINGUIZZETTA,Commune simple,1234408,6151233,1238300,6146733,88,6512,1079,13,3,2B,HAUTE-CORSE,94,CORSE,LINGUIZZETTA,20230,,LINGUIZZETTA,42.217767916, 9.50995452
41.62169108240419, 9.035941572894565,,COMMUNE00000000000001272,115,2A115,FOCE,Commune simple,1206088,6078268,1202832,6076275,396,2081,144,9,4,2A,CORSE-DU-SUD,94,CORSE,FOCE,20100,,FOCE,41.622016364, 9.036079
41.43552374382317, 9.185657635414675,,COMMUNE00000000000017374,41,2A041,BONIFACIO,Commune simple,1216252,6051946,1216111,6059337,93,14097,2950,7,4,2A,CORSE-DU-SUD,94,CORSE,BONIFACIO,20169,,BONIFACIO,41.435022724, 9.185682637
42.59740247035745, 9.103090285523031,,COMMUNE00000000000018052,180,2B180,NOVELLA,Commune simple,1202353,6184443,1200766,6184780,297,3019,88,15,5,2B,HAUTE-CORSE,94,CORSE,NOVELLA,20226,,NOVELLA,42.597336808, 9.103110662
41.712118934154844, 8.904838306213483,,COMMUNE00000000000018227,189,2A189,OLMETO,Commune simple,1193247,6086957,1192385,6086934,287,4413,1213,9,4,2A,CORSE-DU-SUD,94,CORSE,OLMETO,20113,,OLMETO,41.712097912, 8.904661263
42.447118993207994, 9.372484984471788,,COMMUNE00000000000003099,69,2B069,CASABIANCA,Commune simple,1223736,6170711,1224539,6170939,667,368,94,9,3,2B,HAUTE-CORSE,94,CORSE,CASABIANCA,20237,,CASABIANCA,42.446912546, 9.371438459
42.288192019941484, 9.529432656335821,,COMMUNE00000000000027798,303,2B303,SAN-GIULIANO,Commune simple,1235433,6156962,1239213,6154330,47,2389,663,10,3,2B,HAUTE-CORSE,94,CORSE,SAN GIULIANO,20230,,SAN GIULIANO,42.288169973, 9.529052051
42.68743910770054, 9.283230362721362,,COMMUNE00000000000028083,298,2B298,SAINT-FLORENT,Commune simple,1216657,6196327,1214062,6196126,76,1832,1609,5,5,2B,HAUTE-CORSE,94,CORSE,ST FLORENT,20217,,ST FLORENT,42.69204221, 9.326144109
42.315039656495095, 9.266200673792014,,COMMUNE00000000000029299,275,2B275,SERMANO,Commune simple,1217037,6155432,1216952,6155878,775,768,64,14,3,2B,HAUTE-CORSE,94,CORSE,SERMANO,20212,,SERMANO,42.315096946, 9.266283956
42.40383081538885, 9.228772861852319,,COMMUNE00000000000001786,3,2B003,AITI,Commune simple,1214346,6164689,1212878,6165218,605,1215,33,14,3,2B,HAUTE-CORSE,94,CORSE,AITI,20244,,AITI,42.404034764, 9.228973435
42.58019814464421, 9.165988719611518,,COMMUNE00000000000034237,136,2B136,LAMA,Commune simple,1206894,6183937,1206474,6184778,549,2001,164,15,5,2B,HAUTE-CORSE,94,CORSE,LAMA,20218,,LAMA,42.580370454, 9.165868792
42.51873897580122, 8.903076246832656,,COMMUNE00000000000034882,361,2B361,ZILIA,Commune simple,1185059,6177067,1184666,6176087,683,1401,293,7,5,2B,HAUTE-CORSE,94,CORSE,ZILIA,20214,,ZILIA,42.518910536, 8.903243603
42.319669262133694, 9.406418267788458,,COMMUNE00000000000035117,216,2B216,PIAZZALI,Commune simple,1228599,6156893,1228279,6157041,478,79,17,10,3,2B,HAUTE-CORSE,94,CORSE,PIAZZALI,20234,,PIAZZALI,42.319849138, 9.40624796
42.73269710431022, 9.43207191400171,,COMMUNE00000000000035375,305,2B305,SAN-MARTINO-DI-LOTA,Chef-lieu de canton,1228777,6202021,1226504,6202931,377,960,2882,8,2,2B,HAUTE-CORSE,94,CORSE,SAN MARTINO DI LOTA,20200,PIETRANERA,SAN MARTINO DI LOTA,42.732564534, 9.432332916
42.152379302744706, 9.120530676527071,,COMMUNE00000000000036424,354,2B354,VIVARIO,Commune simple,1210250,6139136,1206453,6136355,1229,7859,498,11,3,2B,HAUTE-CORSE,94,CORSE,VIVARIO,20219,VIZZAVONA,VIVARIO,42.152494442, 9.120723761
41.934919400492284, 8.701352846149183,,COMMUNE00000000000022760,4,2A004,AJACCIO,Préfecture de région,1176426,6108968,1171812,6109485,138,8314,66245,98,1,2A,CORSE-DU-SUD,94,CORSE,AJACCIO,20000,,AJACCIO,41.934723456, 8.700937555
42.370794482706174, 8.818897893618566,,COMMUNE00000000000022775,153,2B153,MANSO,Commune simple,1177484,6158165,1180417,6159509,859,12126,107,7,5,2B,HAUTE-CORSE,94,CORSE,MANSO,20245,,MANSO,42.370935911, 8.818884048
41.68239172812545, 9.092423861220254,,COMMUNE00000000000022862,158,2A158,MELA,Commune simple,1208046,6085704,1207983,6084582,465,464,31,9,4,2A,CORSE-DU-SUD,94,CORSE,MELA,20112,,MELA,41.683477908, 9.092481156
42.423883034191505, 9.447909969504162,,COMMUNE00000000000023616,252,2B252,PRUNO,Commune simple,1230275,6167865,1230670,6168175,347,647,183,9,3,2B,HAUTE-CORSE,94,CORSE,PRUNO,20213,CHAMPLAN,PRUNO,42.42434454, 9.448133189
41.97171651367463, 9.328023942305512,,COMMUNE00000000000024833,277,2B277,SERRA-DI-FIUMORBO,Commune simple,1225619,6119378,1228001,6118429,370,4373,317,12,3,2B,HAUTE-CORSE,94,CORSE,SERRA DI FIUMORBO,20243,,SERRA DI FIUMORBO,41.971831965, 9.328627275
42.0072131371207, 9.367445946066931,,COMMUNE00000000000007762,251,2B251,PRUNELLI-DI-FIUMORBO,Chef-lieu de canton,1224429,6122130,1226780,6122488,105,3777,3483,12,3,2B,HAUTE-CORSE,94,CORSE,PRUNELLI DI FIUMORBO,20243,ABBAZIA,PRUNELLI DI FIUMORBO,42.007265959, 9.367472881
42.27038246731323, 9.083611066135946,,COMMUNE00000000000012223,96,2B096,CORTE,Sous-préfecture,1207482,6153727,1202927,6150752,1219,14943,7280,11,3,2B,HAUTE-CORSE,94,CORSE,CORTE,20250,,CORTE,42.270219558, 9.083127876
42.584227010839655, 8.908042918220973,,COMMUNE00000000000005919,296,2B296,SANT'ANTONINO,Commune simple,1184887,6183617,1185481,6182770,310,415,107,7,5,2B,HAUTE-CORSE,94,CORSE,SANT ANTONINO,20220,,SANT ANTONINO,42.584511842, 8.908424902
42.72974967503386, 9.365391405222198,,COMMUNE00000000000029014,109,2B109,FARINOLE,Commune simple,1221346,6202415,1221734,6202499,408,1488,203,8,5,2B,HAUTE-CORSE,94,CORSE,FARINOLE,20253,,FARINOLE,42.729654089, 9.365399919
42.61654321708894, 9.440793595739692,,COMMUNE00000000000020212,37,2B037,BIGUGLIA,Chef-lieu de canton,1228158,6190288,1228737,6190106,61,2686,7547,5,2,2B,HAUTE-CORSE,94,CORSE,BIGUGLIA,20620,CASATORRA,BIGUGLIA,42.616568942, 9.440806288
42.304383019658886, 9.410835728694051,,COMMUNE00000000000031460,179,2B179,NOVALE,Commune simple,1229251,6155937,1228731,6155414,777,490,53,10,3,2B,HAUTE-CORSE,94,CORSE,NOVALE,20234,,NOVALE,42.30481733, 9.411128601
42.21486759467727, 8.876763508909958,,COMMUNE00000000000007882,141,2A141,LETIA,Commune simple,1183473,6139040,1185336,6142713,1021,3673,110,10,1,2A,CORSE-DU-SUD,94,CORSE,LETIA,20160,,LETIA,42.214914413, 8.87695352
41.87055196479287, 9.016718417660318,,COMMUNE00000000000009789,26,2A026,AZILONE-AMPAZA,Commune simple,1199983,6103864,1199860,6104117,584,803,156,11,1,2A,CORSE-DU-SUD,94,CORSE,AZILONE AMPAZA,20190,,AZILONE AMPAZA,41.870638716, 9.016697474
42.310950696692, 9.246854650618673,,COMMUNE00000000000027260,78,2B078,CASTELLARE-DI-MERCURIO,Commune simple,1215379,6154890,1215364,6155389,668,614,33,14,3,2B,HAUTE-CORSE,94,CORSE,CASTELLARE DI MERCURIO,20212,,CASTELLARE DI MERCURIO,42.310042781, 9.246588717
42.82188887847778, 9.354136106689419,,COMMUNE00000000000000350,183,2B183,OGLIASTRO,Commune simple,1218280,6210843,1219463,6212526,421,955,104,8,2,2B,HAUTE-CORSE,94,CORSE,OGLIASTRO,20217,,OGLIASTRO,42.822221341, 9.354625421
41.98839018105122, 9.048813809924471,,COMMUNE00000000000000445,31,2A031,BASTELICA,Commune simple,1201859,6119382,1201848,6116874,1144,12767,537,8,1,2A,CORSE-DU-SUD,94,CORSE,BASTELICA,20119,,BASTELICA,41.988202996, 9.048770899
42.3682627805088, 9.509354402931574,,COMMUNE00000000000003248,313,2B313,SAN-NICOLAO,Chef-lieu de canton,1237661,6163888,1236284,6163173,111,772,1792,10,3,2B,HAUTE-CORSE,94,CORSE,SAN NICOLAO,20230,,SAN NICOLAO,42.368554556, 9.509268001
41.59290389215447, 9.253499753636076,,COMMUNE00000000000007487,247,2A247,PORTO-VECCHIO,Chef-lieu de canton,1224422,6075263,1223513,6074030,199,16947,10064,99,4,2A,CORSE-DU-SUD,94,CORSE,PORTO VECCHIO,20137,,PORTO VECCHIO,41.592641502, 9.253637949
42.423883034191505, 9.447909969504162,,COMMUNE00000000000023616,252,2B252,PRUNO,Commune simple,1230275,6167865,1230670,6168175,347,647,183,9,3,2B,HAUTE-CORSE,94,CORSE,PRUNO,20213,,PRUNO,42.42434454, 9.448133189
41.933729291077185, 9.186358505549551,,COMMUNE00000000000026108,99,2A099,COZZANO,Commune simple,1211041,6112570,1213804,6112863,1251,2514,282,11,1,2A,CORSE-DU-SUD,94,CORSE,COZZANO,20148,,COZZANO,41.933423808, 9.18627726
41.967913274155514, 8.969104217382668,,COMMUNE00000000000017534,326,2A326,TOLLA,Commune simple,1195569,6115936,1195616,6115499,791,2543,111,8,1,2A,CORSE-DU-SUD,94,CORSE,TOLLA,20117,,TOLLA,41.968373368, 8.969188641
42.972371307641716, 9.425881702669958,,COMMUNE00000000000018676,261,2B261,ROGLIANO,Commune simple,1223638,6227589,1224776,6230068,161,2684,560,8,2,2B,HAUTE-CORSE,94,CORSE,ROGLIANO,20248,MACINAGGIO,ROGLIANO,42.972127086, 9.426060268
41.60211325797049, 8.864273804997561,,COMMUNE00000000000009087,129,2A129,GROSSA,Commune simple,1190730,6074756,1189566,6073151,253,1842,42,9,4,2A,CORSE-DU-SUD,94,CORSE,GROSSA,20100,,GROSSA,41.602318096, 8.86442058
42.04474653882172, 8.790051951030907,,COMMUNE00000000000010903,295,2A295,SANT'ANDREA-D'ORCINO,Commune simple,1181460,6122817,1179741,6122717,272,891,75,10,1,2A,CORSE-DU-SUD,94,CORSE,SANT ANDREA D ORCINO,20151,,SANT ANDREA D ORCINO,42.044833699, 8.789100245
41.76909127863078, 8.752528892484335,,COMMUNE00000000000006241,98,2A098,COTI-CHIAVARI,Commune simple,1180559,6092186,1179093,6091682,229,6330,737,11,1,2A,CORSE-DU-SUD,94,CORSE,COTI CHIAVARI,20138,,COTI CHIAVARI,41.769201599, 8.752878504
42.36809771015422, 9.125704954930738,,COMMUNE00000000000014057,83,2B083,CASTIRLA,Commune simple,1206350,6161137,1205340,6160780,755,2454,176,14,3,2B,HAUTE-CORSE,94,CORSE,CASTIRLA,20236,,CASTIRLA,42.368110887, 9.125662016
42.37584945308631, 9.383087598670794,,COMMUNE00000000000024803,256,2B256,RAPAGGIO,Commune simple,1226579,6162693,1226138,6162641,519,257,21,10,3,2B,HAUTE-CORSE,94,CORSE,RAPAGGIO,20229,,RAPAGGIO,42.37505896, 9.383938322
42.10607533297481, 9.495996742661065,,COMMUNE00000000000026377,9,2B009,ALERIA,Commune simple,1239060,6134891,1237648,6133812,18,6357,2191,13,3,2B,HAUTE-CORSE,94,CORSE,ALERIA,20270,,ALERIA,42.106115829, 9.49592506
42.255214828972704, 8.733679262420553,,COMMUNE00000000000026419,198,2A198,OTA,Commune simple,1174345,6145923,1173404,6145999,609,3831,589,10,1,2A,CORSE-DU-SUD,94,CORSE,OTA,20150,PORTO,OTA,42.254917144, 8.733415061
42.599731031708224, 8.89975974220574,,COMMUNE00000000000032711,231,2B231,PIGNA,Commune simple,1184575,6184748,1184643,6184539,203,221,100,15,5,2B,HAUTE-CORSE,94,CORSE,PIGNA,20220,,PIGNA,42.599594739, 8.899643154
42.52679324851385, 9.32475603173164,,COMMUNE00000000000034267,55,2B055,CAMPITELLO,Commune simple,1219175,6179516,1219643,6179788,679,819,120,14,3,2B,HAUTE-CORSE,94,CORSE,CAMPITELLO,20252,,CAMPITELLO,42.526951928, 9.324989461
42.356161394281195, 9.38102700875647,,COMMUNE00000000000027156,67,2B067,CARPINETO,Commune simple,1225884,6160717,1226126,6160931,681,246,29,10,3,2B,HAUTE-CORSE,94,CORSE,CARPINETO,20229,,CARPINETO,42.355816993, 9.380036665
42.56735826882132, 9.327489860395358,,COMMUNE00000000000028090,172,2B172,MURATO,Commune simple,1219498,6184992,1220073,6183197,676,2067,626,5,5,2B,HAUTE-CORSE,94,CORSE,MURATO,20239,,MURATO,42.567488213, 9.327568214
41.92102375513933, 9.265827321992282,,COMMUNE00000000000029583,366,2B366,CHISA,Commune simple,1220147,6112202,1219691,6111403,660,2959,98,12,3,2B,HAUTE-CORSE,94,CORSE,CHISA,20240,,CHISA,41.921131467, 9.265733256
42.48263016853138, 9.489060932868089,,COMMUNE00000000000030329,286,2B286,SORBO-OCAGNANO,Commune simple,1231147,6174587,1234001,6175551,84,1079,789,9,3,2B,HAUTE-CORSE,94,CORSE,SORBO OCAGNANO,20213,QUERCIOLO,SORBO OCAGNANO,42.482669364, 9.488445978
42.63137736236555, 8.933498569445137,,COMMUNE00000000000031280,134,2B134,L'ILE-ROUSSE,Chef-lieu de canton,1187177,6188917,1186887,6188523,34,262,3740,15,5,2B,HAUTE-CORSE,94,CORSE,L ILE ROUSSE,20220,,L ILE ROUSSE,42.631687297, 8.933922569
41.971578507418904, 9.247503883206495,,COMMUNE00000000000022509,365,2B365,SAN-GAVINO-DI-FIUMORBO,Commune simple,1220033,6118766,1218328,6117079,1025,2256,157,12,3,2B,HAUTE-CORSE,94,CORSE,SAN GAVINO DI FIUMORBO,20243,,SAN GAVINO DI FIUMORBO,41.971505019, 9.247435686
42.543775943944226, 8.855699396860786,,COMMUNE00000000000022570,167,2B167,MONTEGROSSO,Commune simple,1182799,6177487,1181212,6178638,266,2282,453,7,5,2B,HAUTE-CORSE,94,CORSE,MONTEGROSSO,20214,,MONTEGROSSO,42.543663575, 8.855619205
42.104675586245406, 8.902325404946927,,COMMUNE00000000000009186,266,2A266,SALICE,Commune simple,1188447,6131629,1188160,6130661,616,2209,75,10,1,2A,CORSE-DU-SUD,94,CORSE,SALICE,20121,,SALICE,42.104686784, 8.902309872
42.112691840340844, 8.735193359126734,,COMMUNE00000000000012788,90,2A090,COGGIA,Commune simple,1175869,6130970,1174912,6129805,266,3154,827,10,1,2A,CORSE-DU-SUD,94,CORSE,COGGIA,20160,,COGGIA,42.112405574, 8.735278053
42.52023499477363, 9.019792299687127,,COMMUNE00000000000031311,190,2B190,OLMI-CAPPELLA,Commune simple,1194813,6177613,1195294,6177220,960,5133,184,15,5,2B,HAUTE-CORSE,94,CORSE,OLMI CAPPELLA,20259,,OLMI CAPPELLA,42.520107802, 9.019923665
42.49643483893883, 9.234066204855479,,COMMUNE00000000000031920,59,2B059,CANAVAGGIA,Commune simple,1214898,6176384,1212875,6176014,660,3515,99,14,3,2B,HAUTE-CORSE,94,CORSE,CANAVAGGIA,20235,,CANAVAGGIA,42.496582029, 9.234597593
42.24493219064839, 9.165722507522496,,COMMUNE00000000000006333,315,2B315,SANTO-PIETRO-DI-VENACO,Commune simple,1209729,6147234,1208523,6147450,1053,792,262,11,3,2B,HAUTE-CORSE,94,CORSE,SANTO PIETRO DI VENACO,20250,,SANTO PIETRO DI VENACO,42.245017676, 9.164616982
41.93571213868969, 8.836907586937953,,COMMUNE00000000000007536,32,2A032,BASTELICACCIA,Commune simple,1183707,6109325,1184630,6110622,104,1813,3518,5,1,2A,CORSE-DU-SUD,94,CORSE,BASTELICACCIA,20129,,BASTELICACCIA,41.935379337, 8.836589723
42.495901334373116, 9.355603070432517,,COMMUNE00000000000013145,54,2B054,CAMPILE,Commune simple,1222523,6175760,1222614,6176312,400,980,185,14,3,2B,HAUTE-CORSE,94,CORSE,CAMPILE,20290,,CAMPILE,42.495874387, 9.355468104
42.08879420044011, 9.07066982390712,,COMMUNE00000000000013461,40,2A040,BOCOGNANO,Commune simple,1201650,6128211,1202598,6129670,1158,7148,454,8,1,2A,CORSE-DU-SUD,94,CORSE,BOCOGNANO,20136,,BOCOGNANO,42.088739774, 9.070832593
42.54912883029021, 8.939933116921686,,COMMUNE00000000000019262,112,2B112,FELICETO,Commune simple,1187759,6178765,1188007,6178205,465,1532,204,15,5,2B,HAUTE-CORSE,94,CORSE,FELICETO,20225,,FELICETO,42.549098073, 8.939971216
42.42403826542967, 9.357794160747503,,COMMUNE00000000000002471,246,2B246,LA PORTA,Commune simple,1223083,6168043,1222692,6167783,633,513,210,9,3,2B,HAUTE-CORSE,94,CORSE,LA PORTA,20237,,LA PORTA,42.424509445, 9.358285544
42.21765693987713, 9.509976846900809,,COMMUNE00000000000001222,143,2B143,LINGUIZZETTA,Commune simple,1234408,6151233,1238300,6146733,88,6512,1079,13,3,2B,HAUTE-CORSE,94,CORSE,LINGUIZZETTA,20230,BRAVONE,LINGUIZZETTA,42.217767916, 9.50995452
42.57377997426767, 8.969594034649466,,COMMUNE00000000000002249,290,2B290,SPELONCATO,Commune simple,1191359,6181084,1190052,6183091,401,1763,285,15,5,2B,HAUTE-CORSE,94,CORSE,SPELONCATO,20226,,SPELONCATO,42.574023464, 8.9695723
42.905205123340565, 9.353125825780625,,COMMUNE00000000000009097,233,2B233,PINO,Commune simple,1218623,6221841,1219118,6221927,313,728,148,8,2,2B,HAUTE-CORSE,94,CORSE,PINO,20228,,PINO,42.905224972, 9.353761488
41.75335003385385, 9.329887042523536,,COMMUNE00000000000023039,92,2A092,CONCA,Commune simple,1227606,6091605,1230242,6093185,417,7843,1097,6,4,2A,CORSE-DU-SUD,94,CORSE,CONCA,20135,,CONCA,41.753235695, 9.330135565
42.15653593670809, 9.383332797401806,,COMMUNE00000000000026545,16,2B016,ANTISANTI,Commune simple,1224805,6139640,1226946,6139284,260,4828,429,13,3,2B,HAUTE-CORSE,94,CORSE,ANTISANTI,20270,,ANTISANTI,42.156532393, 9.3835262
42.4172988344889, 9.425089827669378,,COMMUNE00000000000016176,299,2B299,SAN-GAVINO-D'AMPUGNANI,Commune simple,1228905,6167342,1228889,6168078,353,320,89,9,3,2B,HAUTE-CORSE,94,CORSE,SAN GAVINO D AMPUGNANI,20213,,SAN GAVINO D AMPUGNANI,42.4173683, 9.425640894
42.972371307641716, 9.425881702669958,,COMMUNE00000000000018676,261,2B261,ROGLIANO,Commune simple,1223638,6227589,1224776,6230068,161,2684,560,8,2,2B,HAUTE-CORSE,94,CORSE,ROGLIANO,20247,,ROGLIANO,42.972127086, 9.426060268
42.531548810177284, 9.302439107926613,,COMMUNE00000000000013723,36,2B036,BIGORNO,Commune simple,1217858,6179519,1217828,6179634,689,896,78,14,3,2B,HAUTE-CORSE,94,CORSE,BIGORNO,20252,,BIGORNO,42.531345808, 9.302728988
42.40107760675635, 9.36169259393786,,COMMUNE00000000000034675,243,2B243,POLVEROSO,Commune simple,1224285,6165684,1223593,6165735,612,196,39,9,3,2B,HAUTE-CORSE,94,CORSE,POLVEROSO,20229,,POLVEROSO,42.401203387, 9.361395421
41.72455057309639, 9.008551201043767,,COMMUNE00000000000034762,310,2A310,SANTA-MARIA-FIGANIELLA,Commune simple,1200546,6086383,1200557,6087625,597,1314,80,9,4,2A,CORSE-DU-SUD,94,CORSE,SANTA MARIA FIGANIELLA,20143,,SANTA MARIA FIGANIELLA,41.724797617, 9.008692108
42.58287071545627, 9.381654391459955,,COMMUNE00000000000035459,265,2B265,RUTALI,Commune simple,1222529,6185519,1223845,6186173,599,1748,372,5,5,2B,HAUTE-CORSE,94,CORSE,RUTALI,20239,,RUTALI,42.582984073, 9.38185368
42.30706796038844, 8.732543358314748,,COMMUNE00000000000000663,279,2A279,SERRIERA,Commune simple,1171092,6150529,1173081,6151760,573,3693,119,10,1,2A,CORSE-DU-SUD,94,CORSE,SERRIERA,20147,,SERRIERA,42.307095789, 8.732578621
42.27691422249519, 9.284287913120004,,COMMUNE00000000000000867,292,2B292,SANT'ANDREA-DI-BOZIO,Commune simple,1220079,6153843,1219383,6151493,705,2410,78,14,3,2B,HAUTE-CORSE,94,CORSE,SANT ANDREA DI BOZIO,20212,,SANT ANDREA DI BOZIO,42.276933646, 9.284012946
42.77950795825781, 9.450809058424458,,COMMUNE00000000000001659,43,2B043,BRANDO,Commune simple,1229939,6207918,1227700,6208445,439,2228,1654,8,2,2B,HAUTE-CORSE,94,CORSE,BRANDO,20222,,BRANDO,42.779657479, 9.450579341
42.32332475480227, 9.034332585918744,,COMMUNE00000000000028808,47,2B047,CALACUCCIA,Commune simple,1196261,6156239,1197327,6155413,1170,1821,296,14,3,2B,HAUTE-CORSE,94,CORSE,CALACUCCIA,20224,,CALACUCCIA,42.32334002, 9.034454548
42.84283793096082, 9.34548897464521,,COMMUNE00000000000021255,58,2B058,CANARI,Commune simple,1217444,6214762,1219282,6214496,492,1692,314,8,2,2B,HAUTE-CORSE,94,CORSE,CANARI,20217,,CANARI,42.843000293, 9.345137885
42.03026886773871, 8.936510584480368,,COMMUNE00000000000021751,62,2A062,CARBUCCIA,Commune simple,1193475,6123088,1192351,6121363,476,1452,347,8,1,2A,CORSE-DU-SUD,94,CORSE,CARBUCCIA,20133,,CARBUCCIA,42.030469338, 8.936785201
42.43612432758311, 9.347875395418312,,COMMUNE00000000000015297,241,2B241,POGGIO-MARINACCIO,Commune simple,1223039,6169438,1222525,6169376,618,287,30,9,3,2B,HAUTE-CORSE,94,CORSE,POGGIO MARINACCIO,20237,,POGGIO MARINACCIO,42.436106435, 9.347133242
41.58629676263581, 8.956948141160796,,COMMUNE00000000000012651,127,2A127,GIUNCHETO,Commune simple,1197320,6072698,1197785,6072759,404,771,80,9,4,2A,CORSE-DU-SUD,94,CORSE,GIUNCHETO,20100,,GIUNCHETO,41.586272265, 8.957309352
42.318375801843295, 8.689433250981526,,COMMUNE00000000000019224,203,2A203,PARTINELLO,Commune simple,1168876,6151524,1169415,6152430,324,1868,103,10,1,2A,CORSE-DU-SUD,94,CORSE,PARTINELLO,20147,,PARTINELLO,42.31887577, 8.689530999
42.706552235658286, 9.366662928760567,,COMMUNE00000000000028968,205,2B205,PATRIMONIO,Commune simple,1221376,6198557,1221385,6199153,371,1749,689,8,5,2B,HAUTE-CORSE,94,CORSE,PATRIMONIO,20253,,PATRIMONIO,42.706839976, 9.367278492
42.48263016853138, 9.489060932868089,,COMMUNE00000000000030329,286,2B286,SORBO-OCAGNANO,Commune simple,1231147,6174587,1234001,6175551,84,1079,789,9,3,2B,HAUTE-CORSE,94,CORSE,SORBO OCAGNANO,20213,,SORBO OCAGNANO,42.482669364, 9.488445978
42.766541086504674, 9.376937083979444,,COMMUNE00000000000031538,187,2B187,OLMETA-DI-CAPOCORSO,Commune simple,1221505,6206503,1222068,6206443,557,2159,144,8,2,2B,HAUTE-CORSE,94,CORSE,OLMETA DI CAPOCORSO,20217,,OLMETA DI CAPOCORSO,42.76662536, 9.377150937
42.317842568164664, 9.220261308480906,,COMMUNE00000000000031992,306,2B306,SANTA-LUCIA-DI-MERCURIO,Commune simple,1213095,6156449,1212817,6156120,752,2384,97,14,3,2B,HAUTE-CORSE,94,CORSE,SANTA LUCIA DI MERCURIO,20250,,SANTA LUCIA DI MERCURIO,42.317971958, 9.220470203
42.38240848058837, 9.1936148526143,,COMMUNE00000000000033299,193,2B193,OMESSA,Commune simple,1210924,6161190,1210431,6161625,521,2452,536,14,3,2B,HAUTE-CORSE,94,CORSE,OMESSA,20236,,OMESSA,42.382592655, 9.193716559
42.525972795605774, 9.119297330032003,,COMMUNE00000000000034116,80,2B080,CASTIFAO,Commune simple,1202583,6175523,1203761,6176999,454,4238,160,14,3,2B,HAUTE-CORSE,94,CORSE,CASTIFAO,20218,,CASTIFAO,42.526053978, 9.1191624
42.50324538444512, 8.819605869754758,,COMMUNE00000000000036448,165,2B165,MONCALE,Commune simple,1179874,6174395,1178436,6173769,242,724,281,7,5,2B,HAUTE-CORSE,94,CORSE,MONCALE,20214,,MONCALE,42.503349971, 8.819545913
41.91999075795816, 9.039469877234389,,COMMUNE00000000000000832,119,2A119,FRASSETO,Commune simple,1200374,6107458,1201833,6110706,1004,1662,122,11,1,2A,CORSE-DU-SUD,94,CORSE,FRASSETO,20157,,FRASSETO,41.920065663, 9.039339609
42.195548485558355, 9.406152302107053,,COMMUNE00000000000001363,201,2B201,PANCHERACCIA,Commune simple,1226443,6145542,1230028,6143126,245,1452,166,13,3,2B,HAUTE-CORSE,94,CORSE,PANCHERACCIA,20270,CASAPERTA,PANCHERACCIA,42.196509397, 9.404937717
42.77950795825781, 9.450809058424458,,COMMUNE00000000000001659,43,2B043,BRANDO,Commune simple,1229939,6207918,1227700,6208445,439,2228,1654,8,2,2B,HAUTE-CORSE,94,CORSE,BRANDO,20222,ERBALUNGA,BRANDO,42.779657479, 9.450579341
42.44146440003155, 9.39722337726426,,COMMUNE00000000000009123,214,2B214,PIANO,Commune simple,1226995,6171081,1226286,6170519,616,340,23,9,3,2B,HAUTE-CORSE,94,CORSE,PIANO,20215,,PIANO,42.441283087, 9.397228426
42.574060726172576, 9.457479246640142,,COMMUNE00000000000011672,42,2B042,BORGO,Chef-lieu de canton,1228028,6183078,1230298,6184789,99,4839,7950,6,2,2B,HAUTE-CORSE,94,CORSE,BORGO,20290,VALROSE,BORGO,42.574003192, 9.457372925
42.150758349010374, 8.729726400924045,,COMMUNE00000000000012251,348,2A348,VICO,Commune simple,1179647,6136085,1174276,6134167,301,5245,855,10,1,2A,CORSE-DU-SUD,94,CORSE,VICO,20160,,VICO,42.150789996, 8.730072028
42.51741385394941, 9.057879151922593,,COMMUNE00000000000022723,339,2B339,VALLICA,Commune simple,1197468,6176997,1198112,6176831,759,1215,24,15,5,2B,HAUTE-CORSE,94,CORSE,VALLICA,20259,,VALLICA,42.517505492, 9.057996561
42.06462838750828, 8.834257254875306,,COMMUNE00000000000026402,270,2A270,SARI-D'ORCINO,Commune simple,1182884,6124448,1183293,6125158,593,2225,321,10,1,2A,CORSE-DU-SUD,94,CORSE,SARI D ORCINO,20151,,SARI D ORCINO,42.064793742, 8.833814061
42.576156871236584, 8.999211509389177,,COMMUNE00000000000033974,97,2B097,COSTA,Commune simple,1192933,6182674,1192682,6182935,287,108,70,15,5,2B,HAUTE-CORSE,94,CORSE,COSTA,20226,,COSTA,42.575888016, 8.999087263
42.28521563012723, 8.82057456764338,,COMMUNE00000000000036402,108,2A108,EVISA,Commune simple,1179140,6145764,1180794,6150007,1171,6720,202,10,1,2A,CORSE-DU-SUD,94,CORSE,EVISA,20126,,EVISA,42.285205276, 8.820545759
42.89346940268509, 9.409884719127527,,COMMUNE00000000000003369,152,2B152,LURI,Commune simple,1223113,6220913,1224212,6220631,289,2769,750,8,2,2B,HAUTE-CORSE,94,CORSE,LURI,20228,,LURI,42.893359964, 9.410317935
42.34633480133712, 9.425163089020364,,COMMUNE00000000000003726,111,2B111,FELCE,Commune simple,1229014,6160331,1229807,6160166,897,471,52,10,3,2B,HAUTE-CORSE,94,CORSE,FELCE,20234,,FELCE,42.346046887, 9.425120642
42.35138272786007, 9.455672480965363,,COMMUNE00000000000006022,317,2B317,SANTA-REPARATA-DI-MORIANI,Commune simple,1231579,6161208,1232106,6161074,823,900,44,10,3,2B,HAUTE-CORSE,94,CORSE,SANTA REPARATA DI MORIANI,20230,,SANTA REPARATA DI MORIANI,42.351493627, 9.455646602
42.05230344617536, 9.292887896852816,,COMMUNE00000000000006211,236,2B236,POGGIO-DI-NAZZA,Commune simple,1221724,6126968,1219413,6127012,511,3291,173,12,3,2B,HAUTE-CORSE,94,CORSE,POGGIO DI NAZZA,20240,,POGGIO DI NAZZA,42.052471465, 9.292823274
42.6724267264995, 9.203849093279862,,COMMUNE00000000000006586,314,2B314,SANTO-PIETRO-DI-TENDA,Commune simple,1213662,6187663,1208127,6195303,240,12636,356,5,5,2B,HAUTE-CORSE,94,CORSE,SANTO PIETRO DI TENDA,20246,,SANTO PIETRO DI TENDA,42.672456749, 9.203774971
42.54977827138807, 8.954961063523701,,COMMUNE00000000000018121,175,2B175,NESSA,Commune simple,1188798,6179599,1189416,6178951,668,588,108,15,5,2B,HAUTE-CORSE,94,CORSE,NESSA,20225,,NESSA,42.549250368, 8.955449628
42.40919861324305, 9.114292740359058,,COMMUNE00000000000018542,81,2B081,CASTIGLIONE,Commune simple,1204692,6166030,1203478,6165131,1019,2321,37,14,3,2B,HAUTE-CORSE,94,CORSE,CASTIGLIONE,20218,,CASTIGLIONE,42.409266106, 9.11456258
42.5198655706349, 9.359854909407838,,COMMUNE00000000000018989,355,2B355,VOLPAJOLA,Commune simple,1222250,6179510,1223221,6178497,367,1297,453,14,3,2B,HAUTE-CORSE,94,CORSE,VOLPAJOLA,20290,BARCHETTA,VOLPAJOLA,42.519867456, 9.360362944
42.069810326855944, 9.016707393247824,,COMMUNE00000000000029552,324,2A324,TAVERA,Commune simple,1198368,6126542,1197124,6127573,883,3258,385,8,1,2A,CORSE-DU-SUD,94,CORSE,TAVERA,20163,,TAVERA,42.069723105, 9.016762047
42.25402637553196, 9.381738970211485,,COMMUNE00000000000031604,356,2B356,ZALANA,Commune simple,1226409,6150196,1227576,6149590,495,1325,135,13,3,2B,HAUTE-CORSE,94,CORSE,ZALANA,20272,,ZALANA,42.25378544, 9.381355656
42.344445593513626, 9.402031471548836,,COMMUNE00000000000031747,321,2B321,TARRANO,Commune simple,1227741,6160285,1227780,6159795,687,389,15,10,3,2B,HAUTE-CORSE,94,CORSE,TARRANO,20234,,TARRANO,42.34423574, 9.401886383
42.198247708166974, 8.956902046389962,,COMMUNE00000000000021220,196,2A196,ORTO,Commune simple,1190501,6139148,1192345,6140946,1214,1607,58,10,1,2A,CORSE-DU-SUD,94,CORSE,ORTO,20125,,ORTO,42.198884881, 8.957623504
42.89346940268509, 9.409884719127527,,COMMUNE00000000000003369,152,2B152,LURI,Commune simple,1223113,6220913,1224212,6220631,289,2769,750,8,2,2B,HAUTE-CORSE,94,CORSE,LURI,20228,SANTA SEVERA,LURI,42.893359964, 9.410317935
42.32792229807027, 9.434216889934403,,COMMUNE00000000000003392,334,2B334,VALLE-D'ALESANI,Commune simple,1229085,6157753,1230331,6158265,679,971,129,10,3,2B,HAUTE-CORSE,94,CORSE,VALLE D ALESANI,20234,,VALLE D ALESANI,42.328016128, 9.434606151
42.004044721993324, 8.912545992503617,,COMMUNE00000000000003884,209,2A209,PERI,Commune simple,1191059,6118807,1190305,6118687,584,2408,1750,8,1,2A,CORSE-DU-SUD,94,CORSE,PERI,20167,,PERI,42.004108, 8.912431225
42.47076004883861, 9.500695525862302,,COMMUNE00000000000004494,77,2B077,CASTELLARE-DI-CASINCA,Commune simple,1232576,6173833,1234112,6173914,41,904,605,9,3,2B,HAUTE-CORSE,94,CORSE,CASTELLARE DI CASINCA,20213,,CASTELLARE DI CASINCA,42.470865683, 9.501308041
42.37388062090907, 9.338296405749754,,COMMUNE00000000000005500,222,2B222,PIE-D'OREZZA,Commune simple,1223706,6162443,1222477,6162846,1048,573,36,10,3,2B,HAUTE-CORSE,94,CORSE,PIE D OREZZA,20229,,PIE D OREZZA,42.374283692, 9.338168108
42.367362817181586, 9.419497373739855,,COMMUNE00000000000007176,202,2B202,PARATA,Commune simple,1228163,6162555,1229162,6162315,843,282,31,10,3,2B,HAUTE-CORSE,94,CORSE,PARATA,20229,,PARATA,42.367370002, 9.419511907
41.66846067475531, 8.944950023824036,,COMMUNE00000000000016122,349,2A349,VIGGIANELLO,Commune simple,1196358,6083122,1196069,6081023,167,1705,685,9,4,2A,CORSE-DU-SUD,94,CORSE,VIGGIANELLO,20110,,VIGGIANELLO,41.668941046, 8.944901982
42.362516414571296, 9.40243287767532,,COMMUNE00000000000016209,338,2B338,VALLE-D'OREZZA,Commune simple,1227284,6162233,1227654,6161906,734,403,44,10,3,2B,HAUTE-CORSE,94,CORSE,VALLE D OREZZA,20229,,VALLE D OREZZA,42.362343619, 9.40334978
42.3692121691054, 9.055596109727992,,COMMUNE00000000000001867,95,2B095,CORSCIA,Commune simple,1198166,6158480,1199078,6160353,1279,5911,166,14,3,2B,HAUTE-CORSE,94,CORSE,CORSCIA,20224,,CORSCIA,42.36912127, 9.055683928
42.28203710642322, 9.410399044471154,,COMMUNE00000000000017656,161,2B161,MOITA,Commune simple,1229343,6152439,1229452,6152761,606,569,81,13,3,2B,HAUTE-CORSE,94,CORSE,MOITA,20270,,MOITA,42.281916177, 9.410701158
41.651722778461476, 9.115667777599525,,COMMUNE00000000000018825,142,2A142,LEVIE,Commune simple,1210396,6086763,1211081,6078646,661,8603,737,7,4,2A,CORSE-DU-SUD,94,CORSE,LEVIE,20170,,LEVIE,41.651592663, 9.11575364
42.61654321708894, 9.440793595739692,,COMMUNE00000000000020212,37,2B037,BIGUGLIA,Chef-lieu de canton,1228158,6190288,1228737,6190106,61,2686,7547,5,2,2B,HAUTE-CORSE,94,CORSE,BIGUGLIA,20620,,BIGUGLIA,42.616568942, 9.440806288
42.03163618546902, 8.884629311905949,,COMMUNE00000000000020370,323,2A323,TAVACO,Commune simple,1188919,6122247,1188067,6122057,455,1092,308,8,1,2A,CORSE-DU-SUD,94,CORSE,TAVACO,20167,,TAVACO,42.031657485, 8.884974446
42.44400107995986, 9.346688389264303,,COMMUNE00000000000020436,125,2B125,GIOCATOJO,Commune simple,1222655,6170309,1222329,6170482,694,248,45,9,3,2B,HAUTE-CORSE,94,CORSE,GIOCATOJO,20237,,GIOCATOJO,42.443980232, 9.346162636
42.20962891343558, 8.922445174359936,,COMMUNE00000000000030809,282,2A282,SOCCIA,Commune simple,1188711,6139357,1189109,6141690,1267,2797,154,10,1,2A,CORSE-DU-SUD,94,CORSE,SOCCIA,20125,,SOCCIA,42.209514801, 8.922484339
42.41597650505549, 9.464577128437716,,COMMUNE00000000000011567,210,2B210,PERO-CASEVECCHIE,Commune simple,1232415,6167863,1232649,6168264,501,462,128,9,3,2B,HAUTE-CORSE,94,CORSE,PERO CASEVECCHIE,20230,,PERO CASEVECCHIE,42.415898621, 9.464461145
41.77843810413071, 9.109311901818874,,COMMUNE00000000000011585,278,2A278,SERRA-DI-SCOPAMENE,Commune simple,1207987,6092155,1208711,6096392,1030,2056,104,9,4,2A,CORSE-DU-SUD,94,CORSE,SERRA DI SCOPAMENE,20127,,SERRA DI SCOPAMENE,41.778397913, 9.10945997
42.41806741681155, 9.507773269687798,,COMMUNE00000000000014842,319,2B319,TALASANI,Commune simple,1233660,6167253,1236048,6168553,130,1009,731,9,3,2B,HAUTE-CORSE,94,CORSE,TALASANI,20230,,TALASANI,42.417835828, 9.50741683
42.3682627805088, 9.509354402931574,,COMMUNE00000000000003248,313,2B313,SAN-NICOLAO,Chef-lieu de canton,1237661,6163888,1236284,6163173,111,772,1792,10,3,2B,HAUTE-CORSE,94,CORSE,SAN NICOLAO,20230,MORIANI PLAGE,SAN NICOLAO,42.368554556, 9.509268001
42.52298994993686, 8.975534759939872,,COMMUNE00000000000003652,235,2B235,PIOGGIOLA,Commune simple,1192978,6178390,1192004,6177403,1100,1869,88,15,5,2B,HAUTE-CORSE,94,CORSE,PIOGGIOLA,20259,,PIOGGIOLA,42.522456117, 8.974927807
42.28779847367407, 9.489151899933871,,COMMUNE00000000000000536,88,2B088,CHIATRA,Commune simple,1234363,6154344,1235295,6154048,213,827,206,10,3,2B,HAUTE-CORSE,94,CORSE,CHIATRA,20230,,CHIATRA DI VERDE,42.287456145, 9.489738458
42.3942910917437, 9.406153290068096,,COMMUNE00000000000017540,217,2B217,PIAZZOLE,Commune simple,1227383,6165112,1227609,6165349,609,391,48,10,3,2B,HAUTE-CORSE,94,CORSE,PIAZZOLE,20229,,PIAZZOLE,42.394305864, 9.406026984
42.192101738311926, 9.382398503316551,,COMMUNE00000000000018108,126,2B126,GIUNCAGGIO,Commune simple,1226011,6145278,1228051,6142314,261,1619,55,13,3,2B,HAUTE-CORSE,94,CORSE,GIUNCAGGIO,20251,,GIUNCAGGIO,42.191310434, 9.38352629
42.28324334607772, 9.387836425457374,,COMMUNE00000000000021647,155,2B155,MATRA,Commune simple,1227411,6152516,1227202,6152927,688,657,43,13,3,2B,HAUTE-CORSE,94,CORSE,MATRA,20270,,MATRA,42.282877731, 9.388145686
42.24996711638531, 9.292534283463233,,COMMUNE00000000000003066,116,2B116,FOCICCHIA,Commune simple,1219815,6148553,1219958,6148453,620,727,36,14,3,2B,HAUTE-CORSE,94,CORSE,FOCICCHIA,20212,,FOCICCHIA,42.250218538, 9.292631017
42.54155142641215, 9.47326957368158,,COMMUNE00000000000026993,148,2B148,LUCCIANA,Commune simple,1227270,6182099,1231377,6182214,72,2933,4883,6,2,2B,HAUTE-CORSE,94,CORSE,LUCCIANA,20290,CASAMOZZA,LUCCIANA,42.541487267, 9.47330789
42.617345268638466, 8.901471807034659,,COMMUNE00000000000027600,93,2B093,CORBARA,Commune simple,1184819,6186447,1184040,6186234,107,1024,981,15,5,2B,HAUTE-CORSE,94,CORSE,CORBARA,20220,,CORBARA,42.617459562, 8.901365493
42.09066483137954, 9.21012058492663,,COMMUNE00000000000029086,124,2B124,GHISONI,Commune simple,1214222,6131685,1214940,6131451,994,12600,223,12,3,2B,HAUTE-CORSE,94,CORSE,GHISONI,20227,,GHISONI,42.090679736, 9.20997778
42.354585416555736, 9.258314729229625,,COMMUNE00000000000030727,264,2B264,RUSIO,Commune simple,1216059,6160641,1215582,6159604,1130,864,79,14,3,2B,HAUTE-CORSE,94,CORSE,RUSIO,20244,,RUSIO,42.353850161, 9.258527475
42.26207908982756, 9.151740580838352,,COMMUNE00000000000024480,74,2B074,CASANOVA,Commune simple,1209889,6148202,1208330,6148734,1237,996,349,11,3,2B,HAUTE-CORSE,94,CORSE,CASANOVA,20250,,CASANOVA,42.261871783, 9.151974719
42.17830584373373, 8.984241422441364,,COMMUNE00000000000033375,131,2A131,GUAGNO,Commune simple,1191984,6137242,1195836,6138751,1173,4308,142,10,1,2A,CORSE-DU-SUD,94,CORSE,GUAGNO,20160,,GUAGNO,42.178286555, 8.98392941
42.154445273907456, 8.62675016826345,,COMMUNE00000000000011294,65,2A065,CARGESE,Chef-lieu de canton,1163029,6131392,1166210,6134487,189,4674,1263,10,1,2A,CORSE-DU-SUD,94,CORSE,CARGESE,20130,,CARGESE,42.15446097, 8.62688662
42.3832034493756, 9.36726995013091,,COMMUNE00000000000025044,219,2B219,PIEDICROCE,Commune simple,1224723,6162754,1224677,6164176,584,331,127,10,3,2B,HAUTE-CORSE,94,CORSE,PIEDICROCE,20229,,PIEDICROCE,42.383602991, 9.367496412
42.255214828972704, 8.733679262420553,,COMMUNE00000000000026419,198,2A198,OTA,Commune simple,1174345,6145923,1173404,6145999,609,3831,589,10,1,2A,CORSE-DU-SUD,94,CORSE,OTA,20150,,OTA,42.254917144, 8.733415061
42.35517623362125, 9.360555794862526,,COMMUNE00000000000014164,63,2B063,CARCHETO-BRUSTICO,Commune simple,1224683,6161717,1224367,6160794,880,522,28,10,3,2B,HAUTE-CORSE,94,CORSE,CARCHETO BRUSTICO,20229,,CARCHETO BRUSTICO,42.355169722, 9.360191363
42.226116515544696, 8.628625467481518,,COMMUNE00000000000014722,212,2A212,PIANA,Commune simple,1165648,6143189,1164771,6140392,376,6328,479,10,1,2A,CORSE-DU-SUD,94,CORSE,PIANA,20115,,PIANA,42.225988222, 8.629138947
41.74105905230615, 8.812665785123553,,COMMUNE00000000000003676,276,2A276,SERRA-DI-FERRO,Commune simple,1183207,6087587,1184868,6089868,148,3292,497,11,1,2A,CORSE-DU-SUD,94,CORSE,SERRA DI FERRO,20140,PORTO POLLO,SERRA DI FERRO,41.741296698, 8.812690377
42.2443143587611, 9.442623561319396,,COMMUNE00000000000018857,328,2B328,TOX,Commune simple,1230988,6149532,1231250,6149342,359,1468,91,13,3,2B,HAUTE-CORSE,94,CORSE,TOX,20270,,TOX,42.243920282, 9.442949117
42.56942702770379, 8.897465044805505,,COMMUNE00000000000020251,84,2B084,CATERI,Commune simple,1183972,6181595,1184522,6181305,332,323,233,7,5,2B,HAUTE-CORSE,94,CORSE,CATERI,20225,,CATERI,42.569234613, 8.896582034
41.81353341789536, 9.35254735277788,,COMMUNE00000000000022090,269,2A269,SARI-SOLENZARA,Commune simple,1231981,6105621,1229986,6101600,217,7481,1385,6,4,2A,CORSE-DU-SUD,94,CORSE,SARI SOLENZARA,20145,SOLENZARA,SARI SOLENZARA,41.813484625, 9.352409259
41.921984713342596, 9.078482209985909,,COMMUNE00000000000032210,133,2A133,GUITERA-LES-BAINS,Commune simple,1205573,6109850,1205406,6109649,881,1466,129,11,1,2A,CORSE-DU-SUD,94,CORSE,GUITERA LES BAINS,20153,,GUITERA LES BAINS,41.922370397, 9.078574208
